{"settings":{"opExample":[],"licence":"none","isPublic":false},"ops":[{"opId":"b0472a1d-db16-4ba6-8787-f300fbdc77bb","objName":"Ops.Gl.MainLoop","id":"19358450-cc97-4d4d-8aa7-ef84b27fffbe","uiAttribs":{"history":{"createdAt":1662908469756,"createdBy":{"name":"neonuts"},"lastInteractionAt":1662908469756,"lastInteractionBy":{"name":"neonuts"}},"subPatch":0,"translate":{"x":-456,"y":-60},"selected":false},"portsIn":[{"name":"FPS Limit","value":0},{"name":"Reduce FPS not focussed","value":true},{"name":"Reduce FPS loading","value":false},{"name":"Clear","value":true},{"name":"ClearAlpha","value":true},{"name":"Fullscreen Button","value":false},{"name":"Active","value":true},{"name":"Hires Displays","value":false},{"name":"Pixel Unit index","value":0},{"name":"Pixel Unit","value":"Display"}],"portsOut":[{"name":"trigger","links":[{"portIn":"Update","portOut":"trigger","objIn":"d28f81aa-f753-4c9d-abc3-e87eb1796eb4","objOut":"19358450-cc97-4d4d-8aa7-ef84b27fffbe"},{"portIn":"Update","portOut":"trigger","objIn":"aca77db4-159c-4f0d-bf3f-519c83c5ff09","objOut":"19358450-cc97-4d4d-8aa7-ef84b27fffbe"},{"portIn":"Update","portOut":"trigger","objIn":"06f05ad7-9849-46de-9877-dcf8e94dde9a","objOut":"19358450-cc97-4d4d-8aa7-ef84b27fffbe"}]},{"name":"width","value":677},{"name":"height","value":320}]},{"opId":"1ec869b2-9a89-45ec-8fe5-ae2e039379cc","objName":"Ops.Net.SocketCluster.SocketCluster_v2","id":"114db914-2f50-4cda-8882-b18dc8b4d718","uiAttribs":{"history":{"createdAt":1662936241421,"createdBy":{"name":"neonuts"},"lastInteractionAt":1663034470846,"lastInteractionBy":{"name":"neonuts"}},"subPatch":0,"translate":{"x":-324,"y":-180},"selected":false},"portsIn":[{"name":"Active","value":true},{"name":"Server hostname","value":"color-receiver.herokuapp.com"},{"name":"Server path","value":"/socketcluster/"},{"name":"Server port","value":443},{"name":"Use SSL","value":true},{"name":"Allow send","value":false},{"name":"Allow multiple senders","value":false},{"name":"Channel"},{"name":"Delay send (ms)","value":0},{"name":"Additional serverdata"}],"portsOut":[{"name":"Ready","value":true},{"name":"Socket","links":[{"portIn":"socket","portOut":"Socket","objIn":"8f564352-d2bb-4213-abe5-08a171a6b6fd","objOut":"114db914-2f50-4cda-8882-b18dc8b4d718"},{"portIn":"socket","portOut":"Socket","objIn":"5614f1e3-14d6-4131-9e81-22530c963f68","objOut":"114db914-2f50-4cda-8882-b18dc8b4d718"}]},{"name":"Own client id","value":"57f55c34-5037-4ccc-a72b-3cbcf29d30c9"},{"name":"Can send","value":false},{"name":"Error"}]},{"opId":"76432cbb-5950-4447-ad6c-1a37e56c7a55","objName":"Ops.Net.SocketCluster.SocketClusterRecieveArray","id":"8f564352-d2bb-4213-abe5-08a171a6b6fd","uiAttribs":{"history":{"createdAt":1662936269620,"createdBy":{"name":"neonuts"},"lastInteractionAt":1662936269620,"lastInteractionBy":{"name":"neonuts"}},"subPatch":0,"translate":{"x":-312,"y":-100},"selected":false},"portsIn":[{"name":"socket"},{"name":"topic","value":"main"}],"portsOut":[{"name":"client id","value":"8b45a4ce-662a-4ef5-9f84-c79ef9805e59"},{"name":"data","links":[{"portIn":"array","portOut":"data","objIn":"01b24984-5fc1-4b29-88a0-2625686e7711","objOut":"8f564352-d2bb-4213-abe5-08a171a6b6fd"},{"portIn":"array","portOut":"data","objIn":"01903e22-01f4-4e5c-af35-7a5414f508c9","objOut":"8f564352-d2bb-4213-abe5-08a171a6b6fd"},{"portIn":"array","portOut":"data","objIn":"fd87579f-3d2b-41ba-b96c-796978562423","objOut":"8f564352-d2bb-4213-abe5-08a171a6b6fd"}]},{"name":"received","value":0}]},{"opId":"d697ff82-74fd-4f31-8f54-295bc64e713d","objName":"Ops.String.String_v2","id":"e6d84fde-c147-484b-bb14-a12c4046076e","uiAttribs":{"history":{"createdAt":1662935534411,"createdBy":{"name":"neonuts"},"lastInteractionAt":1663034298126,"lastInteractionBy":{"name":"neonuts"}},"subPatch":0,"translate":{"x":-240,"y":-260},"comment":"CHANNEL \nUUID\n","selected":false},"portsIn":[{"name":"value","value":"1f9bd588-7cee-4da4-8824-9fe6d9fb3397"}],"portsOut":[{"name":"String","links":[{"portIn":"Channel","portOut":"String","objIn":"114db914-2f50-4cda-8882-b18dc8b4d718","objOut":"e6d84fde-c147-484b-bb14-a12c4046076e"}]}]},{"opId":"19b441eb-9f63-4f35-ba08-b87841517c4d","objName":"Ops.Gl.ClearColor","id":"001970ce-2571-458e-9af2-eda8da76b85a","uiAttribs":{"history":{"createdAt":1662936338270,"createdBy":{"name":"neonuts"},"lastInteractionAt":1662936338270,"lastInteractionBy":{"name":"neonuts"}},"subPatch":0,"translate":{"x":-372,"y":240},"selected":false},"portsIn":[{"name":"render"},{"name":"r"},{"name":"g"},{"name":"b"},{"name":"a","value":1}],"portsOut":[{"name":"trigger","links":[{"portIn":"Render","portOut":"trigger","objIn":"5d5c795b-9754-4207-8631-d023dedbab3e","objOut":"001970ce-2571-458e-9af2-eda8da76b85a"}]}]},{"opId":"d1189078-70cf-437d-9a37-b2ebe89acdaf","objName":"Ops.Array.ArrayGetNumber","id":"01b24984-5fc1-4b29-88a0-2625686e7711","uiAttribs":{"history":{"createdAt":1662936462557,"createdBy":{"name":"neonuts"},"lastInteractionAt":1662936462557,"lastInteractionBy":{"name":"neonuts"}},"subPatch":0,"translate":{"x":-300,"y":-20},"selected":false},"portsIn":[{"name":"array"},{"name":"index","value":0}],"portsOut":[{"name":"value","links":[{"portIn":"Value","portOut":"value","objIn":"d28f81aa-f753-4c9d-abc3-e87eb1796eb4","objOut":"01b24984-5fc1-4b29-88a0-2625686e7711"}]}]},{"opId":"d1189078-70cf-437d-9a37-b2ebe89acdaf","objName":"Ops.Array.ArrayGetNumber","id":"01903e22-01f4-4e5c-af35-7a5414f508c9","uiAttribs":{"history":{"createdAt":1662936462557,"createdBy":{"name":"neonuts"},"lastInteractionAt":1662936478859,"lastInteractionBy":{"name":"neonuts"}},"subPatch":0,"translate":{"x":-156,"y":-20},"selected":false},"portsIn":[{"name":"array"},{"name":"index","value":1}],"portsOut":[{"name":"value","links":[{"portIn":"Value","portOut":"value","objIn":"aca77db4-159c-4f0d-bf3f-519c83c5ff09","objOut":"01903e22-01f4-4e5c-af35-7a5414f508c9"}]}]},{"opId":"d1189078-70cf-437d-9a37-b2ebe89acdaf","objName":"Ops.Array.ArrayGetNumber","id":"fd87579f-3d2b-41ba-b96c-796978562423","uiAttribs":{"history":{"createdAt":1662936462557,"createdBy":{"name":"neonuts"},"lastInteractionAt":1662936481499,"lastInteractionBy":{"name":"neonuts"}},"subPatch":0,"translate":{"x":-12,"y":-20},"selected":false},"portsIn":[{"name":"array"},{"name":"index","value":2}],"portsOut":[{"name":"value","links":[{"portIn":"Value","portOut":"value","objIn":"06f05ad7-9849-46de-9877-dcf8e94dde9a","objOut":"fd87579f-3d2b-41ba-b96c-796978562423"}]}]},{"opId":"5677b5b5-753a-4fbf-9e91-64c81ec68a2f","objName":"Ops.Anim.Smooth","id":"d28f81aa-f753-4c9d-abc3-e87eb1796eb4","uiAttribs":{"history":{"createdAt":1663024575671,"createdBy":{"name":"neonuts"},"lastInteractionAt":1663025670280,"lastInteractionBy":{"name":"neonuts"}},"subPatch":0,"translate":{"x":-372,"y":60},"selected":false},"portsIn":[{"name":"Update"},{"name":"Separate inc/dec","value":false},{"name":"Value"},{"name":"Inc factor","value":4},{"name":"Dec factor","value":4}],"portsOut":[{"name":"Next","links":[{"portIn":"render","portOut":"Next","objIn":"001970ce-2571-458e-9af2-eda8da76b85a","objOut":"d28f81aa-f753-4c9d-abc3-e87eb1796eb4"}]},{"name":"Result","links":[{"portIn":"r","portOut":"Result","objIn":"001970ce-2571-458e-9af2-eda8da76b85a","objOut":"d28f81aa-f753-4c9d-abc3-e87eb1796eb4"}]}]},{"opId":"5677b5b5-753a-4fbf-9e91-64c81ec68a2f","objName":"Ops.Anim.Smooth","id":"aca77db4-159c-4f0d-bf3f-519c83c5ff09","uiAttribs":{"history":{"createdAt":1663024575671,"createdBy":{"name":"neonuts"},"lastInteractionAt":1663025673688,"lastInteractionBy":{"name":"neonuts"}},"subPatch":0,"translate":{"x":-288,"y":60},"selected":false},"portsIn":[{"name":"Update"},{"name":"Separate inc/dec","value":false},{"name":"Value"},{"name":"Inc factor","value":4},{"name":"Dec factor","value":4}],"portsOut":[{"name":"Next","value":0},{"name":"Result","links":[{"portIn":"g","portOut":"Result","objIn":"001970ce-2571-458e-9af2-eda8da76b85a","objOut":"aca77db4-159c-4f0d-bf3f-519c83c5ff09"}]}]},{"opId":"5677b5b5-753a-4fbf-9e91-64c81ec68a2f","objName":"Ops.Anim.Smooth","id":"06f05ad7-9849-46de-9877-dcf8e94dde9a","uiAttribs":{"history":{"createdAt":1663024575671,"createdBy":{"name":"neonuts"},"lastInteractionAt":1663025676659,"lastInteractionBy":{"name":"neonuts"}},"subPatch":0,"translate":{"x":-192,"y":60},"selected":false},"portsIn":[{"name":"Update"},{"name":"Separate inc/dec","value":false},{"name":"Value"},{"name":"Inc factor","value":4},{"name":"Dec factor","value":4}],"portsOut":[{"name":"Next","value":0},{"name":"Result","links":[{"portIn":"b","portOut":"Result","objIn":"001970ce-2571-458e-9af2-eda8da76b85a","objOut":"06f05ad7-9849-46de-9877-dcf8e94dde9a"}]}]},{"opId":"2390f6b3-2122-412e-8c8d-5c2f574e8bd1","objName":"Ops.Gl.Meshes.TextMesh_v2","id":"5d5c795b-9754-4207-8631-d023dedbab3e","uiAttribs":{"history":{"createdAt":1663035589607,"createdBy":{"name":"neonuts"},"lastInteractionAt":1663035853443,"lastInteractionBy":{"name":"neonuts"}},"subPatch":0,"translate":{"x":-372,"y":360},"selected":true},"portsIn":[{"name":"Render"},{"name":"Text"},{"name":"Scale","value":0.71},{"name":"Font","value":"Arial"},{"name":"align index","value":1},{"name":"align","value":"center"},{"name":"vertical align index","value":1},{"name":"vertical align","value":"Middle"},{"name":"Line Height","value":0},{"name":"Letter Spacing","value":0.18},{"name":"filter index","value":2},{"name":"filter","value":"mipmap"},{"name":"Anisotropic index","value":0},{"name":"Anisotropic","value":0},{"name":"Texture Color","value":0},{"name":"Texture Mask","value":0},{"name":"r","value":1},{"name":"g","value":1},{"name":"b","value":1},{"name":"a","value":1}],"portsOut":[{"name":"Next","value":0},{"name":"texture"},{"name":"Total Lines","value":2},{"name":"Width","value":1.0268622628348216},{"name":"Font Available","value":0}]},{"opId":"076b7b0f-49e0-4301-9b2b-94b60f832994","objName":"Ops.Net.SocketCluster.SocketClusterRecieveString","id":"5614f1e3-14d6-4131-9e81-22530c963f68","uiAttribs":{"history":{"createdAt":1663035609539,"createdBy":{"name":"neonuts"},"lastInteractionAt":1663035619242,"lastInteractionBy":{"name":"neonuts"}},"subPatch":0,"translate":{"x":-192,"y":200},"selected":false},"portsIn":[{"name":"socket"},{"name":"topic","value":"textDisplay"}],"portsOut":[{"name":"client id","value":"8b45a4ce-662a-4ef5-9f84-c79ef9805e59"},{"name":"data","links":[{"portIn":"Text","portOut":"data","objIn":"5d5c795b-9754-4207-8631-d023dedbab3e","objOut":"5614f1e3-14d6-4131-9e81-22530c963f68"}]},{"name":"received","value":0}]}],"users":[],"userOps":[],"tags":[],"_id":"631e63b7a1293e86e06c4a6d","name":"ColorReceiver_sc","userId":"5edc75e150475a553841ddca","created":"2022-09-11T22:39:51.342Z","cloneOf":"62c88ffef5df7e87b8c0d2dd","updated":"2022-09-13T02:24:25.703Z","log":[{"_id":"631e63b7a1293e86e06c4a6f","key":"collabsatcreate","text":"initial list of collaborators:"}],"__v":9,"shortId":"5qoJKc","buildInfo":{"core":{"timestamp":1658229186222,"created":"2022-07-19T11:13:06.222Z","git":{"branch":"master","commit":"819fc0e7c02646be982b7338326b610a383cd8f6","date":"2022-07-19T11:09:39.000Z","message":"corelib"}},"ui":{"timestamp":1658229196319,"created":"2022-07-19T11:13:16.319Z","git":{"branch":"master","commit":"cde4fa72579470c06fa2ad7390223a8b7a061095","date":"2022-06-29T13:18:31.000Z","message":"idiot sandwitch"}},"host":"cables.gl"},"opsHash":"2d83b4d0db286fffb3ace697a3a9925f039a6d48","ui":{"timeLineLength":20,"bookmarks":[],"viewBoxesGl":{"0":{"x":-189.65508684863522,"y":43.35195530726257,"z":400}},"renderer":{"w":677,"h":320,"s":1}},"updatedByUser":"neonuts","cachedUsername":"neonuts","deployments":{"lastDeployment":{"date":1663024700697,"service":"download"}},"exports":2}