{"settings":{"opExample":[],"licence":"none","isPublic":false},"ops":[{"opId":"b0472a1d-db16-4ba6-8787-f300fbdc77bb","objName":"Ops.Gl.MainLoop","id":"fcdc046f-0811-4d12-817b-2b166833fbf0","uiAttribs":{"history":{"createdAt":1658017129124,"createdBy":{"name":"neonuts"},"lastInteractionAt":1658236792690,"lastInteractionBy":{"name":"neonuts"}},"subPatch":0,"translate":{"x":-24,"y":-180},"selected":false},"portsIn":[{"name":"FPS Limit","value":30},{"name":"Reduce FPS not focussed","value":true},{"name":"Reduce FPS loading","value":false},{"name":"Clear","value":true},{"name":"ClearAlpha","value":true},{"name":"Fullscreen Button","value":false},{"name":"Active","value":true},{"name":"Hires Displays","value":false},{"name":"Pixel Unit index","value":0},{"name":"Pixel Unit","value":"Display"}],"portsOut":[{"name":"trigger","links":[{"portIn":"exe","portOut":"trigger","objIn":"45071627-c540-4d53-befc-a514eef60a89","objOut":"fcdc046f-0811-4d12-817b-2b166833fbf0"}]},{"name":"width","value":715},{"name":"height","value":398}]},{"opId":"a466bc1f-06e9-4595-8849-bffb9fe22f99","objName":"Ops.Sequence","id":"45071627-c540-4d53-befc-a514eef60a89","uiAttribs":{"history":{"createdAt":1658017266284,"createdBy":{"name":"neonuts"},"lastInteractionAt":1658017266284,"lastInteractionBy":{"name":"neonuts"}},"subPatch":0,"translate":{"x":-24,"y":-120},"selected":false},"portsIn":[{"name":"exe"},{"name":"Clean up connections","value":0},{"name":"exe 0","value":0},{"name":"exe 1","value":0},{"name":"exe 2","value":0},{"name":"exe 3","value":0},{"name":"exe 4","value":0},{"name":"exe 5","value":0},{"name":"exe 6","value":0},{"name":"exe 7","value":0},{"name":"exe 8","value":0},{"name":"exe 9","value":0},{"name":"exe 10","value":0},{"name":"exe 11","value":0},{"name":"exe 12","value":0},{"name":"exe 13","value":0},{"name":"exe 14","value":0}],"portsOut":[{"name":"trigger 0","links":[{"portIn":"render","portOut":"trigger 0","objIn":"47ff2cf1-edad-4cec-9a0f-62be7e7a35ff","objOut":"45071627-c540-4d53-befc-a514eef60a89"}]},{"name":"trigger 1","links":[{"portIn":"Render","portOut":"trigger 1","objIn":"bf050346-c012-4d72-a166-7cd946ea9a23","objOut":"45071627-c540-4d53-befc-a514eef60a89"}]},{"name":"trigger 2","links":[{"portIn":"Render","portOut":"trigger 2","objIn":"f480a74f-af02-4667-ade8-a638ce7be9fa","objOut":"45071627-c540-4d53-befc-a514eef60a89"}]},{"name":"trigger 3","links":[{"portIn":"render","portOut":"trigger 3","objIn":"fe0e43b6-ed3f-4b5a-928a-38d0b4f0275e","objOut":"45071627-c540-4d53-befc-a514eef60a89"}]},{"name":"trigger 4","links":[{"portIn":"Trigger","portOut":"trigger 4","objIn":"7107e093-ed6b-40f4-82b2-9a55ba76f38f","objOut":"45071627-c540-4d53-befc-a514eef60a89"}]},{"name":"trigger 5","links":[{"portIn":"Render","portOut":"trigger 5","objIn":"54680a95-680c-42bf-b9f2-30b4b0a485bc","objOut":"45071627-c540-4d53-befc-a514eef60a89"}]},{"name":"trigger 6","value":0},{"name":"trigger 7","value":0},{"name":"trigger 8","value":0},{"name":"trigger 9","value":0},{"name":"trigger 10","value":0},{"name":"trigger 11","value":0},{"name":"trigger 12","value":0},{"name":"trigger 13","value":0},{"name":"trigger 14","value":0},{"name":"trigger 15","value":0}]},{"opId":"93492eeb-bf35-4a62-98f7-d85b0b79bfe5","objName":"Ops.Ui.Comment_v2","id":"4d963ba3-0ab0-4520-a7ad-3cf55b6725e3","uiAttribs":{"comment_title":"3D scene","comment_text":"","history":{"createdAt":1658018865022,"createdBy":{"name":"neonuts"},"lastInteractionAt":1658018871719,"lastInteractionBy":{"name":"neonuts"}},"subPatch":0,"translate":{"x":-48,"y":-280},"selected":false},"portsIn":[{"name":"title","value":"3D scene"},{"name":"text","value":""}],"portsOut":[]},{"opId":"d01fa820-396c-4cb5-9d78-6b14762852af","objName":"Ops.Gl.Render2Texture","id":"79ffa8dd-faa9-4e68-8f5a-570f867b02ae","uiAttribs":{"history":{"createdAt":1658109498108,"createdBy":{"name":"neonuts"},"lastInteractionAt":1658695153015,"lastInteractionBy":{"name":"neonuts"}},"subPatch":0,"translate":{"x":-24,"y":-20},"selected":false},"portsIn":[{"name":"render"},{"name":"use viewport size","value":false},{"name":"texture width","value":1024},{"name":"texture height","value":1024},{"name":"Auto Aspect","value":false},{"name":"filter index","value":1},{"name":"filter","value":"linear"},{"name":"Wrap index","value":1},{"name":"Wrap","value":"Clamp"},{"name":"MSAA index","value":0},{"name":"MSAA","value":"4x"},{"name":"HDR","value":false},{"name":"Depth","value":true},{"name":"Clear","value":true}],"portsOut":[{"name":"trigger","links":[{"portIn":"exe","portOut":"trigger","objIn":"20de216f-3516-4a9e-b1ff-839296b8b131","objOut":"79ffa8dd-faa9-4e68-8f5a-570f867b02ae"}]},{"name":"texture","links":[{"portIn":"Base Texture","portOut":"texture","objIn":"f480a74f-af02-4667-ade8-a638ce7be9fa","objOut":"79ffa8dd-faa9-4e68-8f5a-570f867b02ae"},{"portIn":"Image","portOut":"texture","objIn":"e1c97058-c421-4d19-b73f-0cb3c2a78b58","objOut":"79ffa8dd-faa9-4e68-8f5a-570f867b02ae"},{"portIn":"Base Texture","portOut":"texture","objIn":"54680a95-680c-42bf-b9f2-30b4b0a485bc","objOut":"79ffa8dd-faa9-4e68-8f5a-570f867b02ae"}]},{"name":"textureDepth"}]},{"opId":"e890a050-11b7-456e-b09b-d08cd9c1ee41","objName":"Ops.Gl.TextureEffects.ImageCompose_v3","id":"f480a74f-af02-4667-ade8-a638ce7be9fa","uiAttribs":{"history":{"createdAt":1658109529674,"createdBy":{"name":"neonuts"},"lastInteractionAt":1658695009280,"lastInteractionBy":{"name":"neonuts"}},"subPatch":0,"translate":{"x":564,"y":-20},"selected":false},"portsIn":[{"name":"Render"},{"name":"Base Texture"},{"name":"Size index","value":0},{"name":"Size","value":"Manual"},{"name":"Width","value":1024},{"name":"Height","value":1024},{"name":"Filter index","value":1},{"name":"Filter","value":"linear"},{"name":"Wrap index","value":1},{"name":"Wrap","value":"clamp to edge"},{"name":"Pixel Format index","value":0},{"name":"Pixel Format","value":"RGBA 8bit ubyte"},{"name":"R"},{"name":"G"},{"name":"B"},{"name":"A","value":0}],"portsOut":[{"name":"Next","links":[{"portIn":"Render","portOut":"Next","objIn":"96d768ec-a60a-4087-a2c9-23c753d38f17","objOut":"f480a74f-af02-4667-ade8-a638ce7be9fa"}]},{"name":"texture_out","links":[{"portIn":"Image","portOut":"texture_out","objIn":"dc6dae64-fad9-495b-b85a-1c99e8fe4404","objOut":"f480a74f-af02-4667-ade8-a638ce7be9fa"}]},{"name":"Aspect Ratio","value":1},{"name":"Texture Width","value":1024},{"name":"Texture Height","value":1024}]},{"opId":"255bd15b-cc91-4a12-9b4e-53c710cbb282","objName":"Ops.Gl.Meshes.FullscreenRectangle","id":"fe0e43b6-ed3f-4b5a-928a-38d0b4f0275e","uiAttribs":{"history":{"createdAt":1658109585042,"createdBy":{"name":"neonuts"},"lastInteractionAt":1658236766510,"lastInteractionBy":{"name":"neonuts"}},"subPatch":0,"translate":{"x":876,"y":-60},"selected":false},"portsIn":[{"name":"render"},{"name":"Scale index","value":0},{"name":"Scale","value":"Stretch"},{"name":"Flip Y","value":false},{"name":"Flip X","value":false},{"name":"Texture"}],"portsOut":[{"name":"trigger","value":0}]},{"opId":"ed36e5ad-457b-4ac6-a929-11b66951cb6c","objName":"Ops.Gl.ShaderEffects.VertexDisplacementMap_v4","id":"07f09414-4bb0-42c1-ac5d-6e82732b28a4","uiAttribs":{"history":{"createdAt":1658235686781,"createdBy":{"name":"neonuts"},"lastInteractionAt":1658235686781,"lastInteractionBy":{"name":"neonuts"}},"subPatch":0,"translate":{"x":-24,"y":660},"selected":false},"portsIn":[{"name":"Render"},{"name":"Extrude","value":0.5},{"name":"Mode index","value":0},{"name":"Mode","value":"Norm"},{"name":"Axis index","value":0},{"name":"Axis","value":"XYZ"},{"name":"Coordinates index","value":0},{"name":"Coordinates","value":"Tex Coords"},{"name":"Texture"},{"name":"Channel index","value":0},{"name":"Channel","value":"Luminance"},{"name":"Flip index","value":0},{"name":"Flip","value":"None"},{"name":"Range index","value":0},{"name":"Range","value":"0-1"},{"name":"Offset X","value":0},{"name":"Offset Y","value":0},{"name":"Scale","value":1},{"name":"Calc Normals","value":false},{"name":"Discard Zero Values","value":false},{"name":"colorize","value":false},{"name":"Colorize Min","value":0},{"name":"Colorize Max","value":1}],"portsOut":[{"name":"trigger","links":[{"portIn":"Update","portOut":"trigger","objIn":"7d33370c-393d-46a2-974c-ef930ba2f225","objOut":"07f09414-4bb0-42c1-ac5d-6e82732b28a4"}]}]},{"opId":"19b441eb-9f63-4f35-ba08-b87841517c4d","objName":"Ops.Gl.ClearColor","id":"47ff2cf1-edad-4cec-9a0f-62be7e7a35ff","uiAttribs":{"history":{"createdAt":1658235879590,"createdBy":{"name":"neonuts"},"lastInteractionAt":1658235888047,"lastInteractionBy":{"name":"neonuts"}},"subPatch":0,"translate":{"x":-24,"y":-60},"selected":false},"portsIn":[{"name":"render"},{"name":"r","value":0.23921568627450981},{"name":"g","value":0.23921568627450981},{"name":"b","value":0.23921568627450981},{"name":"a","value":1}],"portsOut":[{"name":"trigger","links":[{"portIn":"render","portOut":"trigger","objIn":"79ffa8dd-faa9-4e68-8f5a-570f867b02ae","objOut":"47ff2cf1-edad-4cec-9a0f-62be7e7a35ff"}]}]},{"opId":"e890a050-11b7-456e-b09b-d08cd9c1ee41","objName":"Ops.Gl.TextureEffects.ImageCompose_v3","id":"bf050346-c012-4d72-a166-7cd946ea9a23","uiAttribs":{"history":{"createdAt":1658236027523,"createdBy":{"name":"neonuts"},"lastInteractionAt":1658699301982,"lastInteractionBy":{"name":"neonuts"}},"subPatch":0,"translate":{"x":408,"y":20},"selected":false},"portsIn":[{"name":"Render"},{"name":"Base Texture","value":0},{"name":"Size index","value":0},{"name":"Size","value":"Manual"},{"name":"Width","value":512},{"name":"Height","value":512},{"name":"Filter index","value":1},{"name":"Filter","value":"linear"},{"name":"Wrap index","value":1},{"name":"Wrap","value":"repeat"},{"name":"Pixel Format index","value":0},{"name":"Pixel Format","value":"RGBA 8bit ubyte"},{"name":"R","value":0.12489583333333332},{"name":"G","value":0.12489583333333332},{"name":"B","value":0.12489583333333332},{"name":"A","value":0}],"portsOut":[{"name":"Next","links":[{"portIn":"exe","portOut":"Next","objIn":"ab320124-8459-46d1-92db-3c60f250679a","objOut":"bf050346-c012-4d72-a166-7cd946ea9a23"}]},{"name":"texture_out","links":[{"portIn":"Texture","portOut":"texture_out","objIn":"07f09414-4bb0-42c1-ac5d-6e82732b28a4","objOut":"bf050346-c012-4d72-a166-7cd946ea9a23"},{"portIn":"Normal Map","portOut":"texture_out","objIn":"d244144f-4f5c-477d-82b2-ada959f4d0d4","objOut":"bf050346-c012-4d72-a166-7cd946ea9a23"}]},{"name":"Aspect Ratio","value":1},{"name":"Texture Width","value":512},{"name":"Texture Height","value":512}]},{"opId":"4821a510-58ed-4557-8ec2-7bc245c5113a","objName":"Ops.Gl.TextureEffects.WaveformGradient_v3","id":"bb616c44-1b1a-4586-bb8a-66682396f54a","uiAttribs":{"history":{"createdAt":1658236036894,"createdBy":{"name":"neonuts"},"lastInteractionAt":1658711720843,"lastInteractionBy":{"name":"neonuts"}},"subPatch":0,"translate":{"x":408,"y":900},"extendTitle":null,"selected":false},"portsIn":[{"name":"render"},{"name":"Blend Mode index","value":0},{"name":"Blend Mode","value":"normal"},{"name":"Alpha Mask index","value":0},{"name":"Alpha Mask","value":"Off"},{"name":"Amount"},{"name":"Mode index","value":0},{"name":"Mode","value":"Sine"},{"name":"Frequency","value":1.06},{"name":"Pow factor"},{"name":"Offset"},{"name":"Rotate","value":0.5},{"name":"r","value":1},{"name":"g","value":1},{"name":"b","value":1}],"portsOut":[{"name":"trigger","links":[{"portIn":"render","portOut":"trigger","objIn":"e1c97058-c421-4d19-b73f-0cb3c2a78b58","objOut":"bb616c44-1b1a-4586-bb8a-66682396f54a"}]}]},{"opId":"686ae373-2d2d-44cc-b45f-2ccb782dea26","objName":"Ops.Gl.TextureEffects.Dither_v2","id":"96d768ec-a60a-4087-a2c9-23c753d38f17","uiAttribs":{"history":{"createdAt":1658235379049,"createdBy":{"name":"neonuts"},"lastInteractionAt":1658699213481,"lastInteractionBy":{"name":"neonuts"}},"subPatch":0,"translate":{"x":564,"y":100},"extendTitle":"darken","selected":false},"portsIn":[{"name":"Render"},{"name":"Blend Mode index","value":0},{"name":"Blend Mode","value":"darken"},{"name":"Amount","value":1},{"name":"strength","value":9.51},{"name":"threshold","value":0.352}],"portsOut":[{"name":"Trigger","value":0}]},{"opId":"8fb2bb5d-665a-4d0a-8079-12710ae453be","objName":"Ops.Value.Number","id":"7510b800-e0d8-44f6-9c56-67b3976b3511","uiAttribs":{"title":"R","history":{"createdAt":1658236456138,"createdBy":{"name":"neonuts"},"lastInteractionAt":1658236461024,"lastInteractionBy":{"name":"neonuts"}},"subPatch":0,"translate":{"x":636,"y":-140},"selected":false},"portsIn":[{"name":"value","value":1.48}],"portsOut":[{"name":"result","links":[{"portIn":"R","portOut":"result","objIn":"f480a74f-af02-4667-ade8-a638ce7be9fa","objOut":"7510b800-e0d8-44f6-9c56-67b3976b3511"}]}]},{"opId":"8fb2bb5d-665a-4d0a-8079-12710ae453be","objName":"Ops.Value.Number","id":"7064b534-eaff-452e-82e0-c2eb23e2a2d9","uiAttribs":{"title":"G","history":{"createdAt":1658236466493,"createdBy":{"name":"neonuts"},"lastInteractionAt":1658236478576,"lastInteractionBy":{"name":"neonuts"}},"subPatch":0,"translate":{"x":672,"y":-140},"selected":false},"portsIn":[{"name":"value","value":2.71}],"portsOut":[{"name":"result","links":[{"portIn":"G","portOut":"result","objIn":"f480a74f-af02-4667-ade8-a638ce7be9fa","objOut":"7064b534-eaff-452e-82e0-c2eb23e2a2d9"}]}]},{"opId":"8fb2bb5d-665a-4d0a-8079-12710ae453be","objName":"Ops.Value.Number","id":"05ef0bf4-927f-4461-ac7b-c47e0ec682f7","uiAttribs":{"title":"B","history":{"createdAt":1658236473517,"createdBy":{"name":"neonuts"},"lastInteractionAt":1658236476209,"lastInteractionBy":{"name":"neonuts"}},"subPatch":0,"translate":{"x":708,"y":-140},"selected":false},"portsIn":[{"name":"value","value":3.61}],"portsOut":[{"name":"result","links":[{"portIn":"B","portOut":"result","objIn":"f480a74f-af02-4667-ade8-a638ce7be9fa","objOut":"05ef0bf4-927f-4461-ac7b-c47e0ec682f7"}]}]},{"opId":"5677b5b5-753a-4fbf-9e91-64c81ec68a2f","objName":"Ops.Anim.Smooth","id":"f7582346-c463-41b4-8c7f-d6ee3f2ba43d","uiAttribs":{"history":{"createdAt":1658236623349,"createdBy":{"name":"neonuts"},"lastInteractionAt":1658696764611,"lastInteractionBy":{"name":"neonuts"}},"subPatch":0,"translate":{"x":408,"y":660},"selected":false},"portsIn":[{"name":"Update"},{"name":"Separate inc/dec","value":false},{"name":"Value"},{"name":"Inc factor","value":10},{"name":"Dec factor","value":4}],"portsOut":[{"name":"Next","links":[{"portIn":"exe","portOut":"Next","objIn":"51e3f516-878a-4b9e-aae7-383416a2c73e","objOut":"f7582346-c463-41b4-8c7f-d6ee3f2ba43d"}]},{"name":"Result","links":[{"portIn":"number1","portOut":"Result","objIn":"ebaa7139-f6b8-493f-82ce-29c7a25490c8","objOut":"f7582346-c463-41b4-8c7f-d6ee3f2ba43d"}]}]},{"opId":"c8fb181e-0b03-4b41-9e55-06b6267bc634","objName":"Ops.Math.Sum","id":"ebaa7139-f6b8-493f-82ce-29c7a25490c8","uiAttribs":{"history":{"createdAt":1658373692074,"createdBy":{"name":"neonuts"},"lastInteractionAt":1658373692074,"lastInteractionBy":{"name":"neonuts"}},"subPatch":0,"translate":{"x":588,"y":780},"selected":false},"portsIn":[{"name":"number1"},{"name":"number2"}],"portsOut":[{"name":"result","links":[{"portIn":"Offset","portOut":"result","objIn":"bb616c44-1b1a-4586-bb8a-66682396f54a","objOut":"ebaa7139-f6b8-493f-82ce-29c7a25490c8"}]}]},{"opId":"aac7f721-208f-411a-adb3-79adae2e471a","objName":"Ops.Anim.Timer_v2","id":"004e7b81-9ce5-42c4-8a3a-06303dbfb49e","uiAttribs":{"history":{"createdAt":1658373703674,"createdBy":{"name":"neonuts"},"lastInteractionAt":1658373709494,"lastInteractionBy":{"name":"neonuts"}},"subPatch":0,"translate":{"x":696,"y":620},"selected":false},"portsIn":[{"name":"Speed","value":0.03},{"name":"Play","value":true},{"name":"Reset","value":0},{"name":"Sync to timeline","value":false}],"portsOut":[{"name":"Time","links":[{"portIn":"number2","portOut":"Time","objIn":"ebaa7139-f6b8-493f-82ce-29c7a25490c8","objOut":"004e7b81-9ce5-42c4-8a3a-06303dbfb49e"}]}]},{"opId":"7319d30d-bce2-4e66-8143-e4c0ff5a37a2","objName":"Ops.Anim.Snap","id":"417825e1-cd3f-4bdf-a254-35dfc97c8e6f","uiAttribs":{"history":{"createdAt":1658373799676,"createdBy":{"name":"neonuts"},"lastInteractionAt":1658867601938,"lastInteractionBy":{"name":"neonuts"}},"subPatch":0,"translate":{"x":-372,"y":80},"selected":true},"portsIn":[{"name":"Delta"},{"name":"Snap at Values"},{"name":"Snap Distance","value":1},{"name":"Snap Distance Release","value":0.3},{"name":"Slowdown","value":0.9},{"name":"Block Input after snap","value":1},{"name":"Reset","value":0},{"name":"Min","value":0},{"name":"Max","value":0},{"name":"Value Mul","value":1},{"name":"Enabled","value":true}],"portsOut":[{"name":"Result","links":[{"portIn":"Number","portOut":"Result","objIn":"c6790371-60a6-4db7-8503-80eab9a83ff7","objOut":"417825e1-cd3f-4bdf-a254-35dfc97c8e6f"},{"portIn":"Value","portOut":"Result","objIn":"4030fc10-f2bc-44e7-9a91-0d85f90625a4","objOut":"417825e1-cd3f-4bdf-a254-35dfc97c8e6f"}]},{"name":"Distance","value":5.848681573253117},{"name":"Snapped","links":[{"portIn":"bool","portOut":"Snapped","objIn":"2c434b9d-7823-450a-8ea2-9bcf93ca3ff9","objOut":"417825e1-cd3f-4bdf-a254-35dfc97c8e6f"}]},{"name":"was snapped","value":false}]},{"opId":"7b9626db-536b-4bb4-85c3-95401bc60d1b","objName":"Ops.Devices.Mouse.MouseWheel_v2","id":"3aac329a-6dd5-4723-b661-6e4c55112fe4","uiAttribs":{"history":{"createdAt":1658373874063,"createdBy":{"name":"neonuts"},"lastInteractionAt":1658493255467,"lastInteractionBy":{"name":"neonuts"}},"subPatch":0,"translate":{"x":-372,"y":-100},"selected":false},"portsIn":[{"name":"Speed","value":1},{"name":"prevent scroll","value":true},{"name":"Flip Direction","value":false},{"name":"Simple Delta","value":false},{"name":"Area index","value":0},{"name":"Area","value":"Canvas"},{"name":"active","value":true}],"portsOut":[{"name":"delta","links":[{"portIn":"Delta","portOut":"delta","objIn":"417825e1-cd3f-4bdf-a254-35dfc97c8e6f","objOut":"3aac329a-6dd5-4723-b661-6e4c55112fe4"}]},{"name":"delta X","value":-0.01},{"name":"browser event delta","value":1},{"name":"Wheel Action","value":0}]},{"opId":"2b60d12d-2884-4ad0-bda4-0caeb6882f5c","objName":"Ops.Ui.VizNumber","id":"c6790371-60a6-4db7-8503-80eab9a83ff7","uiAttribs":{"widthOnlyGrow":true,"history":{"createdAt":1658406119908,"createdBy":{"name":"neonuts"},"lastInteractionAt":1658406119908,"lastInteractionBy":{"name":"neonuts"}},"subPatch":0,"translate":{"x":-528,"y":80},"extendTitle":"-3.8487"},"portsIn":[{"name":"Number"}],"portsOut":[{"name":"Result","value":-3.8486815732531174}]},{"opId":"0b3e04f7-323e-4ac8-8a22-a21e2f36e0e9","objName":"Ops.Gl.Matrix.TransformView","id":"9599be21-28bc-4fcd-81cd-e8fcbf87dde8","uiAttribs":{"history":{"createdAt":1658406234675,"createdBy":{"name":"neonuts"},"lastInteractionAt":1658680751159,"lastInteractionBy":{"name":"neonuts"}},"subPatch":0,"translate":{"x":-24,"y":320},"selected":false},"portsIn":[{"name":"render"},{"name":"posX","value":0.98},{"name":"posY"},{"name":"posZ","value":-1.24},{"name":"scale","value":1},{"name":"rotX","value":0},{"name":"rotY","value":0},{"name":"rotZ","value":0}],"portsOut":[{"name":"trigger","links":[{"portIn":"Trigger In","portOut":"trigger","objIn":"e5702d8e-0702-4a74-93b5-5ea2dd26e11b","objOut":"9599be21-28bc-4fcd-81cd-e8fcbf87dde8"}]}]},{"opId":"c974de41-4ce4-4432-b94d-724741109c71","objName":"Ops.Array.ParseArray_v2","id":"aba4d8db-8208-4101-b1e6-7be58efe9167","uiAttribs":{"history":{"createdAt":1658406250898,"createdBy":{"name":"neonuts"},"lastInteractionAt":1658406250898,"lastInteractionBy":{"name":"neonuts"}},"subPatch":0,"translate":{"x":-360,"y":0},"selected":false},"portsIn":[{"name":"text","value":"2,5,6"},{"name":"separator","value":","},{"name":"Numbers","value":true},{"name":"Trim","value":true}],"portsOut":[{"name":"Parsed","value":0},{"name":"array","links":[{"portIn":"Snap at Values","portOut":"array","objIn":"417825e1-cd3f-4bdf-a254-35dfc97c8e6f","objOut":"aba4d8db-8208-4101-b1e6-7be58efe9167"}]},{"name":"length","value":3}]},{"opId":"8f6b2f15-fcb0-4597-90c0-e5173f2969fe","objName":"Ops.Gl.TextureEffects.DrawImage_v3","id":"e1c97058-c421-4d19-b73f-0cb3c2a78b58","uiAttribs":{"history":{"createdAt":1658407140896,"createdBy":{"name":"neonuts"},"lastInteractionAt":1658699412427,"lastInteractionBy":{"name":"neonuts"}},"subPatch":0,"translate":{"x":408,"y":1080},"extendTitle":"light","selected":false},"portsIn":[{"name":"render"},{"name":"blendMode index","value":0},{"name":"blendMode","value":"lighten"},{"name":"amount","value":1},{"name":"Image"},{"name":"Premultiplied","value":false},{"name":"Alpha Mask","value":false},{"name":"removeAlphaSrc","value":false},{"name":"Mask","value":0},{"name":"Mask Src index","value":1},{"name":"Mask Src","value":"alpha channel"},{"name":"Invert alpha channel","value":false},{"name":"Aspect Ratio","value":false},{"name":"Stretch Axis index","value":0},{"name":"Stretch Axis","value":"X"},{"name":"Position","value":0},{"name":"Crop","value":false},{"name":"flip x","value":false},{"name":"flip y","value":false},{"name":"Transform","value":false},{"name":"Scale X","value":1},{"name":"Scale Y","value":1},{"name":"Position X","value":0},{"name":"Position Y","value":0},{"name":"Rotation","value":0},{"name":"Clip Repeat","value":false}],"portsOut":[{"name":"trigger","value":0}]},{"opId":"5677b5b5-753a-4fbf-9e91-64c81ec68a2f","objName":"Ops.Anim.Smooth","id":"a60ed858-9594-4cd5-8eca-52c617d49ba7","uiAttribs":{"history":{"createdAt":1658407362202,"createdBy":{"name":"neonuts"},"lastInteractionAt":1658407362202,"lastInteractionBy":{"name":"neonuts"}},"subPatch":0,"translate":{"x":-24,"y":140},"selected":false},"portsIn":[{"name":"Update"},{"name":"Separate inc/dec","value":false},{"name":"Value"},{"name":"Inc factor","value":4},{"name":"Dec factor","value":4}],"portsOut":[{"name":"Next","links":[{"portIn":"render","portOut":"Next","objIn":"9599be21-28bc-4fcd-81cd-e8fcbf87dde8","objOut":"a60ed858-9594-4cd5-8eca-52c617d49ba7"}]},{"name":"Result","links":[{"portIn":"posY","portOut":"Result","objIn":"9599be21-28bc-4fcd-81cd-e8fcbf87dde8","objOut":"a60ed858-9594-4cd5-8eca-52c617d49ba7"}]}]},{"opId":"9fa3fc46-3147-4e3a-8ee8-a93ea9e8786e","objName":"Ops.Devices.Mouse.Mouse_v2","id":"45f9ef0e-073c-40d3-a189-02b9b3860fb7","uiAttribs":{"history":{"createdAt":1658679654888,"createdBy":{"name":"neonuts"},"lastInteractionAt":1658679654888,"lastInteractionBy":{"name":"neonuts"}},"subPatch":0,"translate":{"x":-828,"y":-120},"selected":false},"portsIn":[{"name":"Active","value":true},{"name":"relative","value":false},{"name":"normalize","value":false},{"name":"flip y","value":true},{"name":"Area index","value":0},{"name":"Area","value":"Canvas"},{"name":"right click prevent default","value":true},{"name":"Touch support","value":true},{"name":"smooth","value":false},{"name":"smoothSpeed","value":20},{"name":"multiply","value":1}],"portsOut":[{"name":"x","links":[{"portIn":"number1","portOut":"x","objIn":"55e56203-cb63-444f-a12d-7cc0e5b5c9d5","objOut":"45f9ef0e-073c-40d3-a189-02b9b3860fb7"}]},{"name":"y","links":[{"portIn":"number1","portOut":"y","objIn":"ddcb688a-22da-48de-a221-46757799127d","objOut":"45f9ef0e-073c-40d3-a189-02b9b3860fb7"}]},{"name":"button down","value":false},{"name":"click","value":0},{"name":"Button Up","value":0},{"name":"click right","value":0},{"name":"mouseOver","value":false},{"name":"button","value":0}]},{"opId":"1bbdae06-fbb2-489b-9bcc-36c9d65bd441","objName":"Ops.Math.Multiply","id":"55e56203-cb63-444f-a12d-7cc0e5b5c9d5","uiAttribs":{"history":{"createdAt":1658679664260,"createdBy":{"name":"neonuts"},"lastInteractionAt":1658679664260,"lastInteractionBy":{"name":"neonuts"}},"subPatch":0,"translate":{"x":-828,"y":-20},"selected":false},"portsIn":[{"name":"number1"},{"name":"number2"}],"portsOut":[{"name":"result","links":[{"portIn":"Value","portOut":"result","objIn":"b6ba6e08-ff2b-44b6-87f9-353ded3a6368","objOut":"55e56203-cb63-444f-a12d-7cc0e5b5c9d5"}]}]},{"opId":"1bbdae06-fbb2-489b-9bcc-36c9d65bd441","objName":"Ops.Math.Multiply","id":"ddcb688a-22da-48de-a221-46757799127d","uiAttribs":{"history":{"createdAt":1658679664260,"createdBy":{"name":"neonuts"},"lastInteractionAt":1658679664260,"lastInteractionBy":{"name":"neonuts"}},"subPatch":0,"translate":{"x":-684,"y":-20},"selected":false},"portsIn":[{"name":"number1"},{"name":"number2"}],"portsOut":[{"name":"result","links":[{"portIn":"number1","portOut":"result","objIn":"e0b7328e-8ae0-4729-b085-76ad1867f618","objOut":"ddcb688a-22da-48de-a221-46757799127d"}]}]},{"opId":"8fb2bb5d-665a-4d0a-8079-12710ae453be","objName":"Ops.Value.Number","id":"30354935-fa8f-4b0c-b474-70e7542a6c13","uiAttribs":{"history":{"createdAt":1658679677114,"createdBy":{"name":"neonuts"},"lastInteractionAt":1658679919051,"lastInteractionBy":{"name":"neonuts"}},"subPatch":0,"translate":{"x":-672,"y":-120},"selected":false},"portsIn":[{"name":"value","value":0.15}],"portsOut":[{"name":"result","links":[{"portIn":"number2","portOut":"result","objIn":"55e56203-cb63-444f-a12d-7cc0e5b5c9d5","objOut":"30354935-fa8f-4b0c-b474-70e7542a6c13"},{"portIn":"number2","portOut":"result","objIn":"ddcb688a-22da-48de-a221-46757799127d","objOut":"30354935-fa8f-4b0c-b474-70e7542a6c13"}]}]},{"opId":"b5249226-6095-4828-8a1c-080654e192fa","objName":"Ops.Vars.VarSetNumber_v2","id":"4030fc10-f2bc-44e7-9a91-0d85f90625a4","uiAttribs":{"title":"var set ","history":{"createdAt":1658679714120,"createdBy":{"name":"neonuts"},"lastInteractionAt":1658679714120,"lastInteractionBy":{"name":"neonuts"}},"subPatch":0,"translate":{"x":-480,"y":180},"extendTitle":"#mouseSnap","selected":false},"portsIn":[{"name":"Value"},{"name":"Variable","value":"mouseSnap"},{"name":"Create new variable","value":0},{"name":"","value":["Rename"]}],"portsOut":[]},{"opId":"93492eeb-bf35-4a62-98f7-d85b0b79bfe5","objName":"Ops.Ui.Comment_v2","id":"ca0f2438-285c-4a98-8f61-3cbbbe12d442","uiAttribs":{"comment_title":"Mouse interactions","comment_text":"","history":{"createdAt":1658018865022,"createdBy":{"name":"neonuts"},"lastInteractionAt":1658679739069,"lastInteractionBy":{"name":"neonuts"}},"subPatch":0,"translate":{"x":-744,"y":-280},"selected":false},"portsIn":[{"name":"title","value":"Mouse interactions"},{"name":"text","value":""}],"portsOut":[]},{"opId":"b5249226-6095-4828-8a1c-080654e192fa","objName":"Ops.Vars.VarSetNumber_v2","id":"b6ba6e08-ff2b-44b6-87f9-353ded3a6368","uiAttribs":{"title":"var set ","history":{"createdAt":1658679745391,"createdBy":{"name":"neonuts"},"lastInteractionAt":1658679745391,"lastInteractionBy":{"name":"neonuts"}},"subPatch":0,"translate":{"x":-828,"y":80},"extendTitle":"#mouseX","selected":false},"portsIn":[{"name":"Value"},{"name":"Variable","value":"mouseX"},{"name":"Create new variable","value":0},{"name":"","value":["Rename"]}],"portsOut":[]},{"opId":"b5249226-6095-4828-8a1c-080654e192fa","objName":"Ops.Vars.VarSetNumber_v2","id":"62cabf5e-5f99-4bee-8ce1-553ce3a74289","uiAttribs":{"title":"var set ","history":{"createdAt":1658679756011,"createdBy":{"name":"neonuts"},"lastInteractionAt":1658679756011,"lastInteractionBy":{"name":"neonuts"}},"subPatch":0,"translate":{"x":-684,"y":80},"extendTitle":"#mouseY","selected":false},"portsIn":[{"name":"Value"},{"name":"Variable","value":"mouseY"},{"name":"Create new variable","value":0},{"name":"","value":["Rename"]}],"portsOut":[]},{"opId":"421f5b52-c0fa-47c4-8b7a-012b9e1c864a","objName":"Ops.Vars.VarGetNumber_v2","id":"e80bbb6e-c932-4cb1-90b3-4e0e3cd50553","uiAttribs":{"title":"var get ","history":{"createdAt":1658679790710,"createdBy":{"name":"neonuts"},"lastInteractionAt":1658679851343,"lastInteractionBy":{"name":"neonuts"}},"subPatch":0,"translate":{"x":60,"y":860},"extendTitle":"#mouseX","selected":false},"portsIn":[{"name":"Variable","value":"mouseX"}],"portsOut":[{"name":"Value","links":[{"portIn":"Value","portOut":"Value","objIn":"2397290a-a2dd-4ed6-815d-faa391f72c31","objOut":"e80bbb6e-c932-4cb1-90b3-4e0e3cd50553"}]}]},{"opId":"421f5b52-c0fa-47c4-8b7a-012b9e1c864a","objName":"Ops.Vars.VarGetNumber_v2","id":"cd54df50-e2cc-4823-96f9-a3c1cd780386","uiAttribs":{"title":"var get ","history":{"createdAt":1658679790710,"createdBy":{"name":"neonuts"},"lastInteractionAt":1658679857018,"lastInteractionBy":{"name":"neonuts"}},"subPatch":0,"translate":{"x":-12,"y":760},"extendTitle":"#mouseY","selected":false},"portsIn":[{"name":"Variable","value":"mouseY"}],"portsOut":[{"name":"Value","links":[{"portIn":"Value","portOut":"Value","objIn":"7d33370c-393d-46a2-974c-ef930ba2f225","objOut":"cd54df50-e2cc-4823-96f9-a3c1cd780386"}]}]},{"opId":"1bbdae06-fbb2-489b-9bcc-36c9d65bd441","objName":"Ops.Math.Multiply","id":"e0b7328e-8ae0-4729-b085-76ad1867f618","uiAttribs":{"history":{"createdAt":1658680287856,"createdBy":{"name":"neonuts"},"lastInteractionAt":1658680290204,"lastInteractionBy":{"name":"neonuts"}},"subPatch":0,"translate":{"x":-684,"y":40},"selected":false},"portsIn":[{"name":"number1"},{"name":"number2","value":-1}],"portsOut":[{"name":"result","links":[{"portIn":"Value","portOut":"result","objIn":"62cabf5e-5f99-4bee-8ce1-553ce3a74289","objOut":"e0b7328e-8ae0-4729-b085-76ad1867f618"}]}]},{"opId":"2591c495-fceb-4f6e-937f-11b190c72ee5","objName":"Ops.Boolean.BoolToNumber","id":"2c434b9d-7823-450a-8ea2-9bcf93ca3ff9","uiAttribs":{"history":{"createdAt":1658680928064,"createdBy":{"name":"neonuts"},"lastInteractionAt":1658680928064,"lastInteractionBy":{"name":"neonuts"}},"subPatch":0,"translate":{"x":-276,"y":140},"selected":false},"portsIn":[{"name":"bool"}],"portsOut":[{"name":"number","links":[{"portIn":"Value","portOut":"number","objIn":"55fd7118-8917-41d1-912b-453f355fc0a4","objOut":"2c434b9d-7823-450a-8ea2-9bcf93ca3ff9"}]}]},{"opId":"b5249226-6095-4828-8a1c-080654e192fa","objName":"Ops.Vars.VarSetNumber_v2","id":"55fd7118-8917-41d1-912b-453f355fc0a4","uiAttribs":{"title":"var set ","history":{"createdAt":1658679714120,"createdBy":{"name":"neonuts"},"lastInteractionAt":1658679714120,"lastInteractionBy":{"name":"neonuts"}},"subPatch":0,"translate":{"x":-276,"y":180},"extendTitle":"#snapBoolean","selected":false},"portsIn":[{"name":"Value"},{"name":"Variable","value":"snapBoolean"},{"name":"Create new variable","value":0},{"name":"","value":["Rename"]}],"portsOut":[]},{"opId":"54e5d3f5-e3f4-4381-990d-d5e32b9a2d39","objName":"Ops.Gl.Phong.PointLight_v5","id":"e5702d8e-0702-4a74-93b5-5ea2dd26e11b","uiAttribs":{"history":{"createdAt":1658681089655,"createdBy":{"name":"neonuts"},"lastInteractionAt":1658699510111,"lastInteractionBy":{"name":"neonuts"}},"subPatch":0,"translate":{"x":-24,"y":480},"selected":false},"portsIn":[{"name":"Trigger In"},{"name":"Cast Light","value":true},{"name":"Intensity","value":7.99},{"name":"Radius","value":10},{"name":"X","value":-3.48},{"name":"Y","value":2.19},{"name":"Z","value":3.92},{"name":"R","value":0.8666666666666667},{"name":"G","value":0.1607843137254902},{"name":"B","value":0.1607843137254902},{"name":"Specular R","value":0.43729166666666663},{"name":"Specular G","value":0.15856707216898597},{"name":"Specular B","value":0.05871836344401041},{"name":"Falloff","value":0.5},{"name":"Cast Shadow","value":false},{"name":"Rendering Active","value":true},{"name":"Map Size index","value":1},{"name":"Map Size","value":512},{"name":"Shadow Strength","value":1},{"name":"Near","value":0.1},{"name":"Far","value":30},{"name":"Bias","value":0.004},{"name":"Polygon Offset","value":0}],"portsOut":[{"name":"Trigger Out","links":[{"portIn":"Trigger In","portOut":"Trigger Out","objIn":"d244144f-4f5c-477d-82b2-ada959f4d0d4","objOut":"e5702d8e-0702-4a74-93b5-5ea2dd26e11b"}]},{"name":"Cubemap"},{"name":"World Position X","value":-3.4800000190734863},{"name":"World Position Y","value":2.190000057220459},{"name":"World Position Z","value":3.9200000762939453}]},{"opId":"650baeb1-db2d-4781-9af6-ab4e9d4277be","objName":"Ops.Gl.Matrix.Transform","id":"9b84091e-a163-4479-b2cb-ef5a0397d009","uiAttribs":{"history":{"createdAt":1658681307847,"createdBy":{"name":"neonuts"},"lastInteractionAt":1658699756758,"lastInteractionBy":{"name":"neonuts"}},"subPatch":0,"translate":{"x":-24,"y":1000},"selected":false},"portsIn":[{"name":"render"},{"name":"posX","value":0},{"name":"posY","value":0},{"name":"posZ","value":0},{"name":"scale","value":0.8},{"name":"rotX"},{"name":"rotY"},{"name":"rotZ","value":0}],"portsOut":[{"name":"trigger","links":[{"portIn":"render","portOut":"trigger","objIn":"41b88530-ec5c-42ac-9a8b-61017530f30c","objOut":"9b84091e-a163-4479-b2cb-ef5a0397d009"}]}]},{"opId":"5677b5b5-753a-4fbf-9e91-64c81ec68a2f","objName":"Ops.Anim.Smooth","id":"7d33370c-393d-46a2-974c-ef930ba2f225","uiAttribs":{"history":{"createdAt":1658681399803,"createdBy":{"name":"neonuts"},"lastInteractionAt":1658681399803,"lastInteractionBy":{"name":"neonuts"}},"subPatch":0,"translate":{"x":-24,"y":820},"selected":false},"portsIn":[{"name":"Update"},{"name":"Separate inc/dec","value":false},{"name":"Value"},{"name":"Inc factor","value":4},{"name":"Dec factor","value":4}],"portsOut":[{"name":"Next","links":[{"portIn":"Update","portOut":"Next","objIn":"2397290a-a2dd-4ed6-815d-faa391f72c31","objOut":"7d33370c-393d-46a2-974c-ef930ba2f225"}]},{"name":"Result","links":[{"portIn":"rotX","portOut":"Result","objIn":"9b84091e-a163-4479-b2cb-ef5a0397d009","objOut":"7d33370c-393d-46a2-974c-ef930ba2f225"}]}]},{"opId":"5677b5b5-753a-4fbf-9e91-64c81ec68a2f","objName":"Ops.Anim.Smooth","id":"2397290a-a2dd-4ed6-815d-faa391f72c31","uiAttribs":{"history":{"createdAt":1658681399803,"createdBy":{"name":"neonuts"},"lastInteractionAt":1658681399803,"lastInteractionBy":{"name":"neonuts"}},"subPatch":0,"translate":{"x":-24,"y":920},"selected":false},"portsIn":[{"name":"Update"},{"name":"Separate inc/dec","value":false},{"name":"Value"},{"name":"Inc factor","value":4},{"name":"Dec factor","value":4}],"portsOut":[{"name":"Next","links":[{"portIn":"render","portOut":"Next","objIn":"9b84091e-a163-4479-b2cb-ef5a0397d009","objOut":"2397290a-a2dd-4ed6-815d-faa391f72c31"}]},{"name":"Result","links":[{"portIn":"rotY","portOut":"Result","objIn":"9b84091e-a163-4479-b2cb-ef5a0397d009","objOut":"2397290a-a2dd-4ed6-815d-faa391f72c31"}]}]},{"opId":"ce1eaf2b-943b-4dc0-ab5e-ee11b63c9ed0","objName":"Ops.Trigger.TriggerSend","id":"7107e093-ed6b-40f4-82b2-9a55ba76f38f","uiAttribs":{"title":">BoolAnimName","history":{"createdAt":1658689567614,"createdBy":{"name":"neonuts"},"lastInteractionAt":1658689571328,"lastInteractionBy":{"name":"neonuts"}},"subPatch":0,"translate":{"x":180,"y":-120},"selected":false},"portsIn":[{"name":"Trigger"},{"name":"Named Trigger","value":"BoolAnimName"}],"portsOut":[]},{"opId":"cedffacf-0f09-4342-bd21-540bd9c8037d","objName":"Ops.Devices.TouchScreen","id":"153586f4-cfbc-4f4d-901f-7814c6bb73b4","uiAttribs":{"history":{"createdAt":1658690711165,"createdBy":{"name":"neonuts"},"lastInteractionAt":1658690711165,"lastInteractionBy":{"name":"neonuts"}},"subPatch":0,"translate":{"x":-828,"y":200},"selected":false},"portsIn":[{"name":"Disable Scaling","value":true},{"name":"Disable Scroll","value":true},{"name":"HDPI Coordinates","value":false},{"name":"Active","value":true},{"name":"Area index","value":0},{"name":"Area","value":"Canvas"},{"name":"Normalize Coordinates","value":false},{"name":"Flip Y","value":false}],"portsOut":[{"name":"Touched","value":false},{"name":"Fingers","value":0},{"name":"Finger 1 X","links":[{"portIn":"Value","portOut":"Finger 1 X","objIn":"a7b352af-a724-4c19-bda8-cbdad5842f12","objOut":"153586f4-cfbc-4f4d-901f-7814c6bb73b4"}]},{"name":"Finger 1 Y","links":[{"portIn":"Value","portOut":"Finger 1 Y","objIn":"6ce4d003-530b-4c5c-9908-3f0f426bb08f","objOut":"153586f4-cfbc-4f4d-901f-7814c6bb73b4"}]},{"name":"Finger 1 Force","value":0},{"name":"Finger 2 X","value":0},{"name":"Finger 2 Y","value":0},{"name":"Events"},{"name":"Touch Start","value":0},{"name":"Touch End","value":0}]},{"opId":"b5249226-6095-4828-8a1c-080654e192fa","objName":"Ops.Vars.VarSetNumber_v2","id":"a7b352af-a724-4c19-bda8-cbdad5842f12","uiAttribs":{"title":"var set ","history":{"createdAt":1658679745391,"createdBy":{"name":"neonuts"},"lastInteractionAt":1658679745391,"lastInteractionBy":{"name":"neonuts"}},"subPatch":0,"translate":{"x":-804,"y":300},"extendTitle":"#mouseX","selected":false},"portsIn":[{"name":"Value"},{"name":"Variable","value":"mouseX"},{"name":"Create new variable","value":0},{"name":"","value":["Rename"]}],"portsOut":[]},{"opId":"b5249226-6095-4828-8a1c-080654e192fa","objName":"Ops.Vars.VarSetNumber_v2","id":"6ce4d003-530b-4c5c-9908-3f0f426bb08f","uiAttribs":{"title":"var set ","history":{"createdAt":1658679756011,"createdBy":{"name":"neonuts"},"lastInteractionAt":1658679756011,"lastInteractionBy":{"name":"neonuts"}},"subPatch":0,"translate":{"x":-648,"y":300},"extendTitle":"#mouseY","selected":false},"portsIn":[{"name":"Value"},{"name":"Variable","value":"mouseY"},{"name":"Create new variable","value":0},{"name":"","value":["Rename"]}],"portsOut":[]},{"opId":"38f79614-b0de-4960-8da5-2827e7f43415","objName":"Ops.Ui.Area","id":"cf19c262-4f3f-4655-8d29-6ac9ca275ddd","uiAttribs":{"hasArea":true,"comment_title":"HTML","translate":{"x":1128,"y":-120},"area":{"w":888,"h":600,"id":"k8otvfx7r"},"history":{"createdAt":1658690908259,"createdBy":{"name":"neonuts"},"lastInteractionAt":1658690917073,"lastInteractionBy":{"name":"neonuts"}},"subPatch":0,"color":"#f59259","selected":false},"portsIn":[{"name":"Title","value":"HTML"}],"portsOut":[]},{"opId":"0816c999-f2db-466b-9777-2814573574c5","objName":"Ops.Trigger.TriggerReceive","id":"962e2b3d-c969-4e95-be87-ae048ee63672","uiAttribs":{"title":">BoolAnimName","history":{"createdAt":1658690908298,"createdBy":{"name":"neonuts"},"lastInteractionAt":1658690908298,"lastInteractionBy":{"name":"neonuts"}},"subPatch":0,"translate":{"x":1152,"y":680},"selected":false},"portsIn":[{"name":"Named Trigger","value":"BoolAnimName"}],"portsOut":[{"name":"Triggered","links":[{"portIn":"exe","portOut":"Triggered","objIn":"0aabded0-63cb-4f6b-8287-847c581eaf09","objOut":"962e2b3d-c969-4e95-be87-ae048ee63672"}]}]},{"opId":"06ad9d35-ccf5-4d31-889c-e23fa062588a","objName":"Ops.Anim.BoolAnim","id":"0aabded0-63cb-4f6b-8287-847c581eaf09","uiAttribs":{"history":{"createdAt":1658690908301,"createdBy":{"name":"neonuts"},"lastInteractionAt":1658691276420,"lastInteractionBy":{"name":"neonuts"}},"subPatch":0,"translate":{"x":1152,"y":780},"selected":false},"portsIn":[{"name":"exe"},{"name":"bool"},{"name":"easing index","value":0},{"name":"easing","value":"Expo In Out"},{"name":"duration"},{"name":"Direction index","value":0},{"name":"Direction","value":"Both"},{"name":"value false","value":1},{"name":"value true","value":0}],"portsOut":[{"name":"trigger","value":0},{"name":"value","links":[{"portIn":"Value","portOut":"value","objIn":"a7b812d5-80d8-42ff-9c85-f9a1ef43ad58","objOut":"0aabded0-63cb-4f6b-8287-847c581eaf09"}]},{"name":"finished","value":true},{"name":"Finished Trigger","value":0}]},{"opId":"421f5b52-c0fa-47c4-8b7a-012b9e1c864a","objName":"Ops.Vars.VarGetNumber_v2","id":"fa2fc34c-c315-4dac-9dcc-6c9adc7024ae","uiAttribs":{"title":"var get ","history":{"createdAt":1658690908316,"createdBy":{"name":"neonuts"},"lastInteractionAt":1658690908316,"lastInteractionBy":{"name":"neonuts"}},"subPatch":0,"translate":{"x":1164,"y":720},"extendTitle":"#snapBoolean","selected":false},"portsIn":[{"name":"Variable","value":"snapBoolean"}],"portsOut":[{"name":"Value","links":[{"portIn":"bool","portOut":"Value","objIn":"0aabded0-63cb-4f6b-8287-847c581eaf09","objOut":"fa2fc34c-c315-4dac-9dcc-6c9adc7024ae"}]}]},{"opId":"c179aa0e-b558-4130-8c2d-2deab2919a07","objName":"Ops.Html.CSSProperty_v2","id":"e03bef4b-b73c-47aa-be1b-cc10c424699c","uiAttribs":{"history":{"createdAt":1658690908320,"createdBy":{"name":"neonuts"},"lastInteractionAt":1658690908320,"lastInteractionBy":{"name":"neonuts"}},"subPatch":0,"translate":{"x":1188,"y":420},"extendTitle":"opacity","selected":false},"portsIn":[{"name":"Element"},{"name":"Property","value":"opacity"},{"name":"Value"},{"name":"Value Suffix","value":""}],"portsOut":[{"name":"HTML Element"}]},{"opId":"db36db6d-83e4-4d27-b84c-8a20067aaffc","objName":"Ops.Html.DivElement_v2","id":"e11b69f1-059f-4e97-a7b4-c39d9d9ea5bb","uiAttribs":{"history":{"createdAt":1658690908328,"createdBy":{"name":"neonuts"},"lastInteractionAt":1658690908328,"lastInteractionBy":{"name":"neonuts"}},"subPatch":0,"translate":{"x":1740,"y":100},"comment":"BAR\n","selected":false},"portsIn":[{"name":"Text","value":""},{"name":"Id","value":"bar"},{"name":"Class","value":""},{"name":"Style","value":"/*position:absolute;*/\n/*z-index:100;*/"},{"name":"Interactive","value":false},{"name":"Visible","value":true},{"name":"Convert Line Breaks","value":false},{"name":"Propagate Click-Events","value":true}],"portsOut":[{"name":"DOM Element"},{"name":"Hover","value":0},{"name":"Clicked","value":0}]},{"opId":"db36db6d-83e4-4d27-b84c-8a20067aaffc","objName":"Ops.Html.DivElement_v2","id":"29c0fcfc-1f34-4fcb-9819-f4f007fa8d84","uiAttribs":{"history":{"createdAt":1658690908335,"createdBy":{"name":"neonuts"},"lastInteractionAt":1658690908335,"lastInteractionBy":{"name":"neonuts"}},"subPatch":0,"translate":{"x":1548,"y":100},"comment":"LOGO","selected":false},"portsIn":[{"name":"Text","value":"OS"},{"name":"Id","value":"logo"},{"name":"Class","value":""},{"name":"Style","value":"\n"},{"name":"Interactive","value":false},{"name":"Visible","value":true},{"name":"Convert Line Breaks","value":false},{"name":"Propagate Click-Events","value":true}],"portsOut":[{"name":"DOM Element"},{"name":"Hover","value":0},{"name":"Clicked","value":0}]},{"opId":"a56d3edd-06ad-44ed-9810-dbf714600c67","objName":"Ops.Html.CSS_v2","id":"bf0d48f6-09ed-4e07-bc7d-e02f33db3308","uiAttribs":{"history":{"createdAt":1658690908341,"createdBy":{"name":"neonuts"},"lastInteractionAt":1658690908341,"lastInteractionBy":{"name":"neonuts"}},"subPatch":0,"translate":{"x":1404,"y":40},"comment":"CSS Styling","selected":false},"portsIn":[{"name":"css code","value":".nameContainer{\n    z-index: 9999;\n    width: 25vw;\n    height: 60vh;\n    position: relative;\n    margin: 0;\n    padding: 0;\n    top: 10vh;\n    left: 5vw;\n    /*background-color: white;*/\n    word-wrap: break-all;\n}\n#firstName {\n    z-index:9999;\n    position: relative;\n    left: 0;\n    top:12vh;\n    font-family: 'Poppins';\n    font-style: normal;\n    font-weight: 600;\n    font-size: 4.5vw;\n    display: flex;\n    align-items: center;\n    letter-spacing: 2.8vw;\n    /*background-color: red;*/\n    word-break: break-all;\n    word-wrap: break-word;\n    color: #D6D6D6;\n}\n#lastName {\n    z-index:9999;\n    position: relative;\n    left: 0;\n    top: 12vh;\n    font-family: 'Poppins';\n    font-style: normal;\n    font-weight: 600;\n    font-size: 6.5vw;\n    line-height: 9vw;\n    display: flex;\n    align-items: center;\n    letter-spacing: 0.39em;\n    word-break: break-all;\n    word-wrap: break-word;\n    color: #212121;\n}\n#bar {\n    position: fixed;\n    z-index:9999;\n    top:4vh;\n    margin: 0 auto;\n    width: 100%;\n    height: .4vh;\n    background-color: #E02929;\n}\n#logo {\n    position: fixed;\n    z-index:9999;\n    top:1vh;\n    left: 5.5vw;\n    margin: 0 auto;\n    padding: 0;\n    width: 100%;\n    height: .4vh;\n    color: #E02929;\n    font-style: 'Poppins';\n    font-weight: 600;\n    font-size: 1vw;\n}"}],"portsOut":[]},{"opId":"68177370-116e-4c76-aef3-3b10d68e7227","objName":"Ops.Html.FontFile_v2","id":"e596876a-c04f-4d16-8e6b-2c35866786ab","uiAttribs":{"history":{"createdAt":1658690908351,"createdBy":{"name":"neonuts"},"lastInteractionAt":1658690908351,"lastInteractionBy":{"name":"neonuts"}},"subPatch":0,"translate":{"x":1548,"y":40},"selected":false},"portsIn":[{"name":"file","value":"assets/Poppins-SemiBold.ttf","display":"file"},{"name":"family","value":"Poppins"}],"portsOut":[{"name":"Loaded","value":true},{"name":"Loaded Trigger","value":0}]},{"opId":"8fb2bb5d-665a-4d0a-8079-12710ae453be","objName":"Ops.Value.Number","id":"55aec2a5-1f6f-4454-91a3-fddb41460568","uiAttribs":{"title":"duration","history":{"createdAt":1658691298361,"createdBy":{"name":"neonuts"},"lastInteractionAt":1658691302745,"lastInteractionBy":{"name":"neonuts"}},"subPatch":0,"translate":{"x":1188,"y":620},"selected":false},"portsIn":[{"name":"value","value":0.5}],"portsOut":[{"name":"result","links":[{"portIn":"duration","portOut":"result","objIn":"0aabded0-63cb-4f6b-8287-847c581eaf09","objOut":"55aec2a5-1f6f-4454-91a3-fddb41460568"}]}]},{"opId":"db36db6d-83e4-4d27-b84c-8a20067aaffc","objName":"Ops.Html.DivElement_v2","id":"b82a1933-22e9-4244-a7ce-28d6507b887c","uiAttribs":{"history":{"createdAt":1658690908343,"createdBy":{"name":"neonuts"},"lastInteractionAt":1658691895520,"lastInteractionBy":{"name":"neonuts"}},"subPatch":0,"translate":{"x":1188,"y":100},"comment":"LAST NAME","selected":false},"portsIn":[{"name":"Text","value":"<div class=\"nameContainer\"><div id=\"firstName\">SANTIAGO</div> <div id=\"lastName\">OCAMPO</div></div>"},{"name":"Id","value":"namesContainer"},{"name":"Class","value":""},{"name":"Style","value":"/* SANTIAGO */\r\n\r\n\r\n\r\n/*z-index:9999;*/\r\n/*position: absolute;*/\r\n/*width: 460px;*/\r\n/*height: 240px;*/\r\n/*left: 5%;*/\r\n/*top: 50%;*/\r\n/*font-family: 'Poppins';*/\r\n/*font-style: normal;*/\r\n/*font-weight: 600;*/\r\n/*font-size: 10.5vw;*/\r\n/*line-height: 144px;*/\r\n/*display: flex;*/\r\n/*align-items: center;*/\r\n/*letter-spacing: 0.39em;*/\r\n/*background-color: red;*/\r\n/*word-wrap:break-word;*/\r\n/*color: #212121;*/"},{"name":"Interactive","value":false},{"name":"Visible","value":true},{"name":"Convert Line Breaks","value":false},{"name":"Propagate Click-Events","value":false}],"portsOut":[{"name":"DOM Element","links":[{"portIn":"Element","portOut":"DOM Element","objIn":"e03bef4b-b73c-47aa-be1b-cc10c424699c","objOut":"b82a1933-22e9-4244-a7ce-28d6507b887c"}]},{"name":"Hover","value":0},{"name":"Clicked","value":0}]},{"opId":"8f6b2f15-fcb0-4597-90c0-e5173f2969fe","objName":"Ops.Gl.TextureEffects.DrawImage_v3","id":"dc6dae64-fad9-495b-b85a-1c99e8fe4404","uiAttribs":{"history":{"createdAt":1658694893325,"createdBy":{"name":"neonuts"},"lastInteractionAt":1658699096250,"lastInteractionBy":{"name":"neonuts"}},"subPatch":0,"translate":{"x":744,"y":220},"extendTitle":"burn","selected":false},"portsIn":[{"name":"render"},{"name":"blendMode index","value":0},{"name":"blendMode","value":"color burn"},{"name":"amount","value":0.225},{"name":"Image"},{"name":"Premultiplied","value":false},{"name":"Alpha Mask","value":false},{"name":"removeAlphaSrc","value":false},{"name":"Mask","value":0},{"name":"Mask Src index","value":1},{"name":"Mask Src","value":"alpha channel"},{"name":"Invert alpha channel","value":false},{"name":"Aspect Ratio","value":false},{"name":"Stretch Axis index","value":0},{"name":"Stretch Axis","value":"X"},{"name":"Position","value":0},{"name":"Crop","value":false},{"name":"flip x","value":false},{"name":"flip y","value":false},{"name":"Transform","value":false},{"name":"Scale X","value":1},{"name":"Scale Y","value":1},{"name":"Position X","value":0},{"name":"Position Y","value":0},{"name":"Rotation","value":0},{"name":"Clip Repeat","value":false}],"portsOut":[{"name":"trigger","value":0}]},{"opId":"e890a050-11b7-456e-b09b-d08cd9c1ee41","objName":"Ops.Gl.TextureEffects.ImageCompose_v3","id":"54680a95-680c-42bf-b9f2-30b4b0a485bc","uiAttribs":{"history":{"createdAt":1658109529674,"createdBy":{"name":"neonuts"},"lastInteractionAt":1658695004410,"lastInteractionBy":{"name":"neonuts"}},"subPatch":0,"translate":{"x":744,"y":0},"selected":false},"portsIn":[{"name":"Render"},{"name":"Base Texture"},{"name":"Size index","value":0},{"name":"Size","value":"Manual"},{"name":"Width","value":1024},{"name":"Height","value":1024},{"name":"Filter index","value":1},{"name":"Filter","value":"linear"},{"name":"Wrap index","value":1},{"name":"Wrap","value":"clamp to edge"},{"name":"Pixel Format index","value":0},{"name":"Pixel Format","value":"RGBA 8bit ubyte"},{"name":"R","value":0},{"name":"G","value":0},{"name":"B","value":0},{"name":"A","value":0}],"portsOut":[{"name":"Next","links":[{"portIn":"render","portOut":"Next","objIn":"dc6dae64-fad9-495b-b85a-1c99e8fe4404","objOut":"54680a95-680c-42bf-b9f2-30b4b0a485bc"}]},{"name":"texture_out","links":[{"portIn":"Texture","portOut":"texture_out","objIn":"fe0e43b6-ed3f-4b5a-928a-38d0b4f0275e","objOut":"54680a95-680c-42bf-b9f2-30b4b0a485bc"}]},{"name":"Aspect Ratio","value":1},{"name":"Texture Width","value":1024},{"name":"Texture Height","value":1024}]},{"opId":"0d83ed06-cdbe-4fe0-87bb-0ccece7fb6e1","objName":"Ops.Gl.Phong.PhongMaterial_v6","id":"d244144f-4f5c-477d-82b2-ada959f4d0d4","uiAttribs":{"history":{"createdAt":1658695209616,"createdBy":{"name":"neonuts"},"lastInteractionAt":1658699606285,"lastInteractionBy":{"name":"neonuts"}},"subPatch":0,"translate":{"x":-24,"y":580},"selected":false},"portsIn":[{"name":"Trigger In"},{"name":"R","value":0.3972916666666667},{"name":"G","value":0.010863444010416667},{"name":"B","value":0.017142902628580533},{"name":"A","value":1},{"name":"Enable","value":true},{"name":"Albedo","value":1},{"name":"Roughness","value":0.331},{"name":"Active","value":true},{"name":"Fresnel Intensity","value":0.401},{"name":"Fresnel Width","value":1},{"name":"Fresnel Exponent","value":5.18},{"name":"Fresnel R","value":0.19062500000000004},{"name":"Fresnel G","value":0.19062500000000004},{"name":"Fresnel B","value":0.19062500000000004},{"name":"Emissive Active","value":false},{"name":"Color Intensity","value":0.3},{"name":"Emissive R","value":0.06627847832733758},{"name":"Emissive G","value":0.8300857132959556},{"name":"Emissive B","value":0.3960680499074467},{"name":"Shininess","value":10},{"name":"Specular Amount","value":1},{"name":"Specular Model index","value":0},{"name":"Specular Model","value":"Phong"},{"name":"Energy Conservation","value":true},{"name":"Double Sided Material","value":false},{"name":"Falloff Mode index","value":0},{"name":"Falloff Mode","value":"A"},{"name":"Diffuse Texture","value":0},{"name":"Specular Texture","value":0},{"name":"Normal Map"},{"name":"AO Texture","value":0},{"name":"Emissive Texture","value":0},{"name":"Emissive Mask","value":0},{"name":"Opacity Texture","value":0},{"name":"Environment Map","value":0},{"name":"Env Map Mask","value":0},{"name":"Colorize Texture","value":false},{"name":"Diffuse Repeat X","value":1},{"name":"Diffuse Repeat Y","value":1},{"name":"Texture Offset X","value":0},{"name":"Texture Offset Y","value":0},{"name":"Specular Intensity","value":1},{"name":"Normal Map Intensity","value":0.5},{"name":"AO Intensity","value":1},{"name":"Emissive Intensity","value":1},{"name":"Emissive Mask Intensity","value":1},{"name":"Env Map Intensity","value":1},{"name":"Env Map Blend index","value":0},{"name":"Env Map Blend","value":"Add"},{"name":"Env Mask Intensity","value":1},{"name":"Alpha Mask Source index","value":0},{"name":"Alpha Mask Source","value":"Luminance"},{"name":"Discard Transparent Pixels","value":false}],"portsOut":[{"name":"Trigger Out","links":[{"portIn":"Render","portOut":"Trigger Out","objIn":"07f09414-4bb0-42c1-ac5d-6e82732b28a4","objOut":"d244144f-4f5c-477d-82b2-ada959f4d0d4"}]},{"name":"Shader"}]},{"opId":"06ad9d35-ccf5-4d31-889c-e23fa062588a","objName":"Ops.Anim.BoolAnim","id":"20de216f-3516-4a9e-b1ff-839296b8b131","uiAttribs":{"history":{"createdAt":1658695699081,"createdBy":{"name":"neonuts"},"lastInteractionAt":1658754263538,"lastInteractionBy":{"name":"neonuts"}},"subPatch":0,"translate":{"x":-24,"y":80},"selected":false},"portsIn":[{"name":"exe"},{"name":"bool"},{"name":"easing index","value":0},{"name":"easing","value":"Quart In Out"},{"name":"duration","value":1.2},{"name":"Direction index","value":0},{"name":"Direction","value":"Both"},{"name":"value false","value":0},{"name":"value true","value":5}],"portsOut":[{"name":"trigger","links":[{"portIn":"Update","portOut":"trigger","objIn":"a60ed858-9594-4cd5-8eca-52c617d49ba7","objOut":"20de216f-3516-4a9e-b1ff-839296b8b131"}]},{"name":"value","links":[{"portIn":"Value","portOut":"value","objIn":"a60ed858-9594-4cd5-8eca-52c617d49ba7","objOut":"20de216f-3516-4a9e-b1ff-839296b8b131"}]},{"name":"finished","value":true},{"name":"Finished Trigger","value":0}]},{"opId":"421f5b52-c0fa-47c4-8b7a-012b9e1c864a","objName":"Ops.Vars.VarGetNumber_v2","id":"19d5ddbb-8b15-4ae5-9f76-bcb206a4d192","uiAttribs":{"title":"var get ","history":{"createdAt":1658695795332,"createdBy":{"name":"neonuts"},"lastInteractionAt":1658695797660,"lastInteractionBy":{"name":"neonuts"}},"subPatch":0,"translate":{"x":120,"y":60},"extendTitle":"#snapBoolean","selected":false},"portsIn":[{"name":"Variable","value":"snapBoolean"}],"portsOut":[{"name":"Value","links":[{"portIn":"bool","portOut":"Value","objIn":"20de216f-3516-4a9e-b1ff-839296b8b131","objOut":"19d5ddbb-8b15-4ae5-9f76-bcb206a4d192"}]}]},{"opId":"b5249226-6095-4828-8a1c-080654e192fa","objName":"Ops.Vars.VarSetNumber_v2","id":"a7b812d5-80d8-42ff-9c85-f9a1ef43ad58","uiAttribs":{"title":"var set ","history":{"createdAt":1658696606700,"createdBy":{"name":"neonuts"},"lastInteractionAt":1658696606700,"lastInteractionBy":{"name":"neonuts"}},"subPatch":0,"translate":{"x":1164,"y":840},"extendTitle":"#boolAnimValue","selected":false},"portsIn":[{"name":"Value"},{"name":"Variable","value":"boolAnimValue"},{"name":"Create new variable","value":0},{"name":"","value":["Rename"]}],"portsOut":[]},{"opId":"421f5b52-c0fa-47c4-8b7a-012b9e1c864a","objName":"Ops.Vars.VarGetNumber_v2","id":"e8108f78-c8ce-44a9-bcf6-f3afefa26185","uiAttribs":{"title":"var get ","history":{"createdAt":1658690908316,"createdBy":{"name":"neonuts"},"lastInteractionAt":1658696628496,"lastInteractionBy":{"name":"neonuts"}},"subPatch":0,"translate":{"x":1212,"y":360},"extendTitle":"#boolAnimValue","selected":false},"portsIn":[{"name":"Variable","value":"boolAnimValue"}],"portsOut":[{"name":"Value","links":[{"portIn":"Value","portOut":"Value","objIn":"e03bef4b-b73c-47aa-be1b-cc10c424699c","objOut":"e8108f78-c8ce-44a9-bcf6-f3afefa26185"}]}]},{"opId":"421f5b52-c0fa-47c4-8b7a-012b9e1c864a","objName":"Ops.Vars.VarGetNumber_v2","id":"8006aca0-d524-4a86-8bc4-3d7b0207ce5f","uiAttribs":{"title":"var get ","history":{"createdAt":1658690908316,"createdBy":{"name":"neonuts"},"lastInteractionAt":1658696628496,"lastInteractionBy":{"name":"neonuts"}},"subPatch":0,"translate":{"x":648,"y":780},"extendTitle":"#boolAnimValue","selected":false},"portsIn":[{"name":"Variable","value":"boolAnimValue"}],"portsOut":[{"name":"Value","links":[{"portIn":"Amount","portOut":"Value","objIn":"bb616c44-1b1a-4586-bb8a-66682396f54a","objOut":"8006aca0-d524-4a86-8bc4-3d7b0207ce5f"}]}]},{"opId":"2d2e5f0e-b69f-4789-9a48-1ee6ade5049a","objName":"Ops.Anim.RandomAnim","id":"ab320124-8459-46d1-92db-3c60f250679a","uiAttribs":{"history":{"createdAt":1658697157386,"createdBy":{"name":"neonuts"},"lastInteractionAt":1658697740690,"lastInteractionBy":{"name":"neonuts"}},"subPatch":0,"translate":{"x":408,"y":160},"selected":false},"portsIn":[{"name":"exe"},{"name":"min","value":0},{"name":"max","value":6},{"name":"random seed","value":5.83},{"name":"duration","value":1},{"name":"pause between","value":2},{"name":"easing index","value":0},{"name":"easing","value":"linear"}],"portsOut":[{"name":"Next","links":[{"portIn":"render","portOut":"Next","objIn":"5936ecf5-d574-4c28-9bcd-b17cbb11c87d","objOut":"ab320124-8459-46d1-92db-3c60f250679a"}]},{"name":"result","links":[{"portIn":"number","portOut":"result","objIn":"5d9b92f8-b1cf-452d-a8d7-60e7cd9c4ae3","objOut":"ab320124-8459-46d1-92db-3c60f250679a"}]},{"name":"Looped","value":0}]},{"opId":"6b5af21d-065f-44d2-9442-8b7a254753f6","objName":"Ops.Math.Abs","id":"5d9b92f8-b1cf-452d-a8d7-60e7cd9c4ae3","uiAttribs":{"history":{"createdAt":1658697213868,"createdBy":{"name":"neonuts"},"lastInteractionAt":1658697213868,"lastInteractionBy":{"name":"neonuts"}},"subPatch":0,"translate":{"x":420,"y":300},"selected":false},"portsIn":[{"name":"number"}],"portsOut":[{"name":"result","links":[{"portIn":"Value","portOut":"result","objIn":"f7582346-c463-41b4-8c7f-d6ee3f2ba43d","objOut":"5d9b92f8-b1cf-452d-a8d7-60e7cd9c4ae3"},{"portIn":"X","portOut":"result","objIn":"5936ecf5-d574-4c28-9bcd-b17cbb11c87d","objOut":"5d9b92f8-b1cf-452d-a8d7-60e7cd9c4ae3"}]}]},{"opId":"ad0e8831-9554-46b3-ac03-c5c166921eda","objName":"Ops.Gl.Meshes.TriangleSphere","id":"41b88530-ec5c-42ac-9a8b-61017530f30c","uiAttribs":{"history":{"createdAt":1658697571358,"createdBy":{"name":"neonuts"},"lastInteractionAt":1658698012433,"lastInteractionBy":{"name":"neonuts"}},"subPatch":0,"translate":{"x":-24,"y":1120},"selected":false},"portsIn":[{"name":"render"},{"name":"Iterations","value":4},{"name":"Flat","value":false},{"name":"Draw","value":true}],"portsOut":[{"name":"next","links":[{"portIn":"exe","portOut":"next","objIn":"5864f513-ba0c-4def-9dd9-f038a17f73f9","objOut":"41b88530-ec5c-42ac-9a8b-61017530f30c"}]},{"name":"Geometry"}]},{"opId":"89b3bf34-a9a8-4dcf-a304-9dee597fcf48","objName":"Ops.Gl.TextureEffects.Plasma_v2","id":"5936ecf5-d574-4c28-9bcd-b17cbb11c87d","uiAttribs":{"history":{"createdAt":1658698703756,"createdBy":{"name":"neonuts"},"lastInteractionAt":1658699432944,"lastInteractionBy":{"name":"neonuts"}},"subPatch":0,"translate":{"x":408,"y":420},"extendTitle":"avg","selected":false},"portsIn":[{"name":"render"},{"name":"Blend Mode index","value":0},{"name":"Blend Mode","value":"average"},{"name":"Alpha Mask index","value":0},{"name":"Alpha Mask","value":"On"},{"name":"Amount","value":0.776},{"name":"Width","value":3.32},{"name":"Height","value":20},{"name":"Aspect","value":true},{"name":"Mul","value":14.64},{"name":"X"},{"name":"Y","value":0},{"name":"Time","value":5.36},{"name":"Greyscale","value":false},{"name":"Offset","value":0},{"name":"Offset Multiply","value":1},{"name":"Offset X index","value":0},{"name":"Offset X","value":"None"},{"name":"Offset Y index","value":0},{"name":"Offset Y","value":"None"},{"name":"Offset Time index","value":1},{"name":"Offset Time","value":"R"},{"name":"Mask","value":0}],"portsOut":[{"name":"trigger","links":[{"portIn":"Update","portOut":"trigger","objIn":"f7582346-c463-41b4-8c7f-d6ee3f2ba43d","objOut":"5936ecf5-d574-4c28-9bcd-b17cbb11c87d"}]}]},{"opId":"2d2e5f0e-b69f-4789-9a48-1ee6ade5049a","objName":"Ops.Anim.RandomAnim","id":"51e3f516-878a-4b9e-aae7-383416a2c73e","uiAttribs":{"history":{"createdAt":1658697157386,"createdBy":{"name":"neonuts"},"lastInteractionAt":1658711889327,"lastInteractionBy":{"name":"neonuts"}},"subPatch":0,"translate":{"x":408,"y":760},"selected":false},"portsIn":[{"name":"exe"},{"name":"min","value":0},{"name":"max","value":36},{"name":"random seed","value":5.83},{"name":"duration","value":0.4},{"name":"pause between","value":1.2},{"name":"easing index","value":0},{"name":"easing","value":"linear"}],"portsOut":[{"name":"Next","links":[{"portIn":"Update","portOut":"Next","objIn":"11eecb92-c6a2-4f84-8877-0505e89508fc","objOut":"51e3f516-878a-4b9e-aae7-383416a2c73e"}]},{"name":"result","links":[{"portIn":"Value","portOut":"result","objIn":"11eecb92-c6a2-4f84-8877-0505e89508fc","objOut":"51e3f516-878a-4b9e-aae7-383416a2c73e"}]},{"name":"Looped","value":0}]},{"opId":"5677b5b5-753a-4fbf-9e91-64c81ec68a2f","objName":"Ops.Anim.Smooth","id":"11eecb92-c6a2-4f84-8877-0505e89508fc","uiAttribs":{"history":{"createdAt":1658236623349,"createdBy":{"name":"neonuts"},"lastInteractionAt":1658696764611,"lastInteractionBy":{"name":"neonuts"}},"subPatch":0,"translate":{"x":408,"y":820},"selected":false},"portsIn":[{"name":"Update"},{"name":"Separate inc/dec","value":false},{"name":"Value"},{"name":"Inc factor","value":10},{"name":"Dec factor","value":4}],"portsOut":[{"name":"Next","links":[{"portIn":"render","portOut":"Next","objIn":"bb616c44-1b1a-4586-bb8a-66682396f54a","objOut":"11eecb92-c6a2-4f84-8877-0505e89508fc"}]},{"name":"Result","links":[{"portIn":"Pow factor","portOut":"Result","objIn":"bb616c44-1b1a-4586-bb8a-66682396f54a","objOut":"11eecb92-c6a2-4f84-8877-0505e89508fc"}]}]},{"opId":"38f79614-b0de-4960-8da5-2827e7f43415","objName":"Ops.Ui.Area","id":"08c5adaf-6f95-447d-89d1-195f8cf5aa13","uiAttribs":{"hasArea":true,"comment_title":"ANIMATION TRIGGERS","translate":{"x":1116,"y":520},"area":{"w":708,"h":400,"id":"pkfd7pd5q"},"history":{"createdAt":1658718035620,"createdBy":{"name":"neonuts"},"lastInteractionAt":1658718042527,"lastInteractionBy":{"name":"neonuts"}},"subPatch":0,"color":"#5dc0fd","selected":false},"portsIn":[{"name":"Title","value":"ANIMATION TRIGGERS"}],"portsOut":[]},{"opId":"ca3bc984-e596-48fb-b53d-502eb13979b0","objName":"Ops.Gl.RandomCluster","id":"5864f513-ba0c-4def-9dd9-f038a17f73f9","uiAttribs":{"history":{"createdAt":1658867416590,"createdBy":{"name":"neonuts"},"lastInteractionAt":1658867416590,"lastInteractionBy":{"name":"neonuts"}},"subPatch":0,"translate":{"x":-24,"y":1220},"selected":false},"portsIn":[{"name":"exe"},{"name":"num","value":100},{"name":"random seed","value":1},{"name":"round","value":false},{"name":"size","value":10},{"name":"scaleX","value":1},{"name":"scaleY","value":1},{"name":"scaleZ","value":1},{"name":"Rotate X","value":1},{"name":"Rotate Y","value":1},{"name":"Rotate Z","value":1},{"name":"Scroll X","value":0}],"portsOut":[{"name":"trigger","links":[{"portIn":"Trigger In","portOut":"trigger","objIn":"c3f05036-924e-45ab-b223-cbeb446b3d94","objOut":"5864f513-ba0c-4def-9dd9-f038a17f73f9"}]},{"name":"index","value":99},{"name":"rnd","value":0.9004586762688614}]},{"opId":"450b4d68-2278-4d9f-9849-0abdfa37ef69","objName":"Ops.Gl.Meshes.Sphere_v2","id":"aee64dfd-cf10-4fd7-aceb-2e860713c004","uiAttribs":{"history":{"createdAt":1658867425337,"createdBy":{"name":"neonuts"},"lastInteractionAt":1658867454640,"lastInteractionBy":{"name":"neonuts"}},"subPatch":0,"translate":{"x":-24,"y":1300},"selected":false},"portsIn":[{"name":"render"},{"name":"radius","value":0.2},{"name":"stacks","value":32},{"name":"slices","value":32},{"name":"Filloffset","value":1},{"name":"Render","value":true}],"portsOut":[{"name":"trigger","value":0},{"name":"geometry"}]},{"opId":"0d83ed06-cdbe-4fe0-87bb-0ccece7fb6e1","objName":"Ops.Gl.Phong.PhongMaterial_v6","id":"c3f05036-924e-45ab-b223-cbeb446b3d94","uiAttribs":{"history":{"createdAt":1658867447668,"createdBy":{"name":"neonuts"},"lastInteractionAt":1658867447668,"lastInteractionBy":{"name":"neonuts"}},"subPatch":0,"translate":{"x":-24,"y":1260},"selected":false},"portsIn":[{"name":"Trigger In"},{"name":"R","value":0.6253900439062694},{"name":"G","value":0.7041349127385947},{"name":"B","value":0.548811510950971},{"name":"A","value":1},{"name":"Enable","value":false},{"name":"Albedo","value":0.707},{"name":"Roughness","value":0.835},{"name":"Active","value":false},{"name":"Fresnel Intensity","value":0.7},{"name":"Fresnel Width","value":1},{"name":"Fresnel Exponent","value":6},{"name":"Fresnel R","value":1},{"name":"Fresnel G","value":1},{"name":"Fresnel B","value":1},{"name":"Emissive Active","value":false},{"name":"Color Intensity","value":0.3},{"name":"Emissive R","value":0.9604981444561078},{"name":"Emissive G","value":0.5989113723811859},{"name":"Emissive B","value":0.5861431430336181},{"name":"Shininess","value":4},{"name":"Specular Amount","value":0.5},{"name":"Specular Model index","value":0},{"name":"Specular Model","value":"Blinn"},{"name":"Energy Conservation","value":false},{"name":"Double Sided Material","value":false},{"name":"Falloff Mode index","value":0},{"name":"Falloff Mode","value":"A"},{"name":"Diffuse Texture","value":0},{"name":"Specular Texture","value":0},{"name":"Normal Map","value":0},{"name":"AO Texture","value":0},{"name":"Emissive Texture","value":0},{"name":"Emissive Mask","value":0},{"name":"Opacity Texture","value":0},{"name":"Environment Map","value":0},{"name":"Env Map Mask","value":0},{"name":"Colorize Texture","value":false},{"name":"Diffuse Repeat X","value":1},{"name":"Diffuse Repeat Y","value":1},{"name":"Texture Offset X","value":0},{"name":"Texture Offset Y","value":0},{"name":"Specular Intensity","value":1},{"name":"Normal Map Intensity","value":0.5},{"name":"AO Intensity","value":1},{"name":"Emissive Intensity","value":1},{"name":"Emissive Mask Intensity","value":1},{"name":"Env Map Intensity","value":1},{"name":"Env Map Blend index","value":0},{"name":"Env Map Blend","value":"Add"},{"name":"Env Mask Intensity","value":1},{"name":"Alpha Mask Source index","value":0},{"name":"Alpha Mask Source","value":"Luminance"},{"name":"Discard Transparent Pixels","value":0}],"portsOut":[{"name":"Trigger Out","links":[{"portIn":"render","portOut":"Trigger Out","objIn":"aee64dfd-cf10-4fd7-aceb-2e860713c004","objOut":"c3f05036-924e-45ab-b223-cbeb446b3d94"}]},{"name":"Shader"}]}],"users":[],"userOps":[],"tags":[],"_id":"62d3551b1d3c2587c12f6049","name":"myPortfolioWeb","userId":"5edc75e150475a553841ddca","created":"2022-07-17T00:17:31.650Z","updated":"2022-07-26T20:33:30.753Z","log":[],"__v":66,"shortId":"1j7x98","description":"","buildInfo":{"core":{"timestamp":1658229186222,"created":"2022-07-19T11:13:06.222Z","git":{"branch":"master","commit":"819fc0e7c02646be982b7338326b610a383cd8f6","date":"2022-07-19T11:09:39.000Z","message":"corelib"}},"ui":{"timestamp":1658229196319,"created":"2022-07-19T11:13:16.319Z","git":{"branch":"master","commit":"cde4fa72579470c06fa2ad7390223a8b7a061095","date":"2022-06-29T13:18:31.000Z","message":"idiot sandwitch"}},"host":"cables.gl"},"opsHash":"9941190010a259c77d36ac977502ffebabf2e8d8","ui":{"timeLineLength":20,"bookmarks":[],"viewBoxesGl":{"0":{"x":-410.3713766799925,"y":291.3804038795661,"z":522.2359425003579}},"renderer":{"w":715,"h":398,"s":1}},"updatedByUser":"neonuts","deployments":{"lastDeployment":{"date":1658754300269,"service":"download"}},"exports":6,"views":1,"cachedUsername":"neonuts","statsAdmin":{"filenameScreenshots":["_screenshots/screenshot.png","_screenshots/screenshot_1658018169751.png","_screenshots/screenshot_1658018447031.png","_screenshots/screenshot_1658018524647.png","_screenshots/screenshot_1658018900340.png","_screenshots/screenshot_1658019555984.png","_screenshots/screenshot_1658019717355.png","_screenshots/screenshot_1658106347248.png","_screenshots/screenshot_1658107206524.png","_screenshots/screenshot_1658107613357.png","_screenshots/screenshot_1658109857658.png","_screenshots/screenshot_1658235179887.png","_screenshots/screenshot_1658236550247.png","_screenshots/screenshot_1658236734545.png","_screenshots/screenshot_1658236838846.png","_screenshots/screenshot_1658374091541.png","_screenshots/screenshot_1658374294532.png","_screenshots/screenshot_1658406273917.png","_screenshots/screenshot_1658406568586.png","_screenshots/screenshot_1658406781119.png","_screenshots/screenshot_1658406842200.png","_screenshots/screenshot_1658407444450.png","_screenshots/screenshot_1658494368892.png","_screenshots/screenshot_1658494693061.png","_screenshots/screenshot_1658494844858.png","_screenshots/screenshot_1658678258977.png","_screenshots/screenshot_1658678803800.png","_screenshots/screenshot_1658679781022.png","_screenshots/screenshot_1658679801849.png","_screenshots/screenshot_1658679814550.png","_screenshots/screenshot_1658679871447.png","_screenshots/screenshot_1658679896337.png","_screenshots/screenshot_1658679908552.png","_screenshots/screenshot_1658680993222.png","_screenshots/screenshot_1658681446941.png","_screenshots/screenshot_1658681459188.png","_screenshots/screenshot_1658681477283.png","_screenshots/screenshot_1658681518192.png","_screenshots/screenshot_1658690078065.png","_screenshots/screenshot_1658690164563.png","_screenshots/screenshot_1658690444131.png","_screenshots/screenshot_1658690590940.png","_screenshots/screenshot_1658690633501.png","_screenshots/screenshot_1658690732990.png","_screenshots/screenshot_1658690999978.png","_screenshots/screenshot_1658691311196.png","_screenshots/screenshot_1658691444395.png","_screenshots/screenshot_1658691870013.png","_screenshots/screenshot_1658692996791.png","_screenshots/screenshot_1658694581678.png","_screenshots/screenshot_1658695318249.png","_screenshots/screenshot_1658695893990.png","_screenshots/screenshot_1658696714556.png","_screenshots/screenshot_1658697189893.png","_screenshots/screenshot_1658697375450.png","_screenshots/screenshot_1658697454706.png","_screenshots/screenshot_1658698309985.png","_screenshots/screenshot_1658699574497.png","_screenshots/screenshot_1658699617079.png","_screenshots/screenshot_1658699776419.png","_screenshots/screenshot_1658711910913.png","_screenshots/screenshot_1658718004709.png","_screenshots/screenshot_1658718157995.png","_screenshots/screenshot_1658754294861.png","_screenshots/screenshot_1658780667960.png","_screenshots/screenshot_1658867471887.png","_screenshots/screenshot_1658867620950.png","_screenshots/screenshot_converted.jpg","_screenshots/screenshot_converted.webp"],"filenameExports":["_exports/cables_myPortfolioWeb1.zip","_exports/cables_myPortfolioWeb2.zip","_exports/cables_myPortfolioWeb3.zip","_exports/cables_myPortfolioWeb4.zip","_exports/cables_myPortfolioWeb5.zip"],"filenameAssets":["Poppins-SemiBold.ttf"],"hasOldScreenshots":false,"hasOldExports":false,"sizeScreenshots":3906.912109375,"sizeExports":1567.9052734375,"sizeAssets":151.59375}}